"1gram","Frequency","Total Tweets"
"的","12360","5747"
"中","6813","3767"
"國","4963","2034"
"在","4822","3521"
"一","4759","3300"
"日","4404","3085"
"国","4036","2114"
"年","3892","2404"
"人","3800","2458"
"美","3593","2157"
"大","3397","2479"
"是","2895","2060"
"上","2713","2091"
"月","2601","2057"
"新","2527","1850"
"了","2280","1729"
"出","2141","1717"
"不","2130","1654"
"成","2105","1664"
"和","1977","1598"
"行","1964","1504"
"能","1927","1423"
"有","1923","1550"
"家","1884","1491"
"全","1859","1444"
"南","1850","1476"
"高","1827","1391"
"市","1764","1297"
"地","1761","1362"
"海","1652","972"
"以","1625","1378"
"金","1585","869"
"下","1565","1307"
"商","1550","1332"
"生","1477","1109"
"本","1469","1031"
"公","1460","1112"
"期","1455","1209"
"最","1438","1212"
"到","1434","1222"
"这","1411","1210"
"元","1402","894"
"發","1367","912"
"来","1353","1133"
"近","1342","1170"
"为","1340","1105"
"天","1315","994"
"工","1305","948"
"报","1232","1145"
"前","1225","1077"
"部","1224","914"
"民","1223","895"
"自","1202","1005"
"同","1189","927"
"多","1188","1019"
"正","1188","1049"
"用","1170","912"
"特","1158","884"
"外","1135","861"
"力","1123","947"
"台","1117","667"
"主","1113","919"
"表","1112","941"
"方","1108","868"
"发","1102","883"
"朗","1084","676"
"會","1079","631"
"加","1036","841"
"次","1026","809"
"文","1021","694"
"為","1021","810"
"作","1013","852"
"化","1002","789"
"交","1002","761"
"入","1000","849"
"重","1000","826"
"洋","1000","944"
"通","999","757"
"对","996","828"
"至","995","842"
"可","991","871"
"个","985","800"
"动","984","822"
"与","964","816"
"事","960","792"
"來","953","797"
"分","948","812"
"西","947","617"
"度","945","791"
"合","945","779"
"平","943","741"
"价","943","659"
"首","934","755"
"面","930","811"
"心","910","779"
"要","910","786"
"已","903","824"
"之","903","797"
"北","900","674"
"山","894","521"
"增","883","612"
"场","876","718"
"長","870","597"
"股","865","507"
"示","862","794"
"伊","861","465"
"布","851","759"
"量","848","630"
"长","841","656"
"比","840","626"
"将","838","727"
"时","830","709"
"安","828","641"
"春","827","505"
"业","822","611"
"口","817","579"
"政","817","627"
"会","813","631"
"動","802","600"
"开","799","699"
"于","798","705"
"道","798","673"
"球","797","624"
"三","796","645"
"也","794","733"
"等","791","721"
"者","791","689"
"斯","784","531"
"水","784","531"
"第","783","644"
"小","780","604"
"展","780","649"
"代","778","623"
"技","769","616"
"科","764","562"
"機","763","442"
"司","758","605"
"時","756","623"
"现","754","657"
"马","754","445"
"持","749","665"
"其","744","685"
"利","737","594"
"將","735","559"
"與","734","597"
"里","731","620"
"机","725","520"
"定","723","625"
"相","723","655"
"资","720","527"
"超","717","579"
"對","715","520"
"就","712","628"
"数","712","558"
"得","709","619"
"普","708","561"
"開","707","556"
"理","697","563"
"法","690","487"
"業","690","446"
"電","689","298"
"关","688","560"
"子","685","538"
"格","685","533"
"油","680","375"
"星","672","428"
"受","670","631"
"后","669","594"
"被","669","593"
"如","666","587"
"向","666","572"
"及","666","594"
"收","664","515"
"起","658","609"
"源","658","537"
"过","657","581"
"都","657","571"
"式","657","573"
"進","651","533"
"果","650","505"
"場","648","518"
"他","645","512"
"品","645","495"
"明","642","537"
"今","642","609"
"物","640","445"
"建","639","475"
"客","638","446"
"拉","633","460"
"投","633","507"
"我","632","468"
"型","629","481"
"升","624","553"
"花","624","375"
"位","624","565"
"手","621","521"
"而","621","575"
"提","621","561"
"目","617","541"
"空","613","454"
"智","608","431"
"路","602","404"
"航","601","313"
"黄","600","424"
"指","600","474"
"京","600","425"
"着","600","545"
"看","597","527"
"模","594","463"
"原","592","473"
"名","590","499"
"消","587","480"
"产","587","470"
"好","586","520"
"江","585","351"
"體","585","423"
"這","584","501"
"更","583","490"
"片","581","443"
"接","580","521"
"进","579","519"
"意","571","513"
"制","569","485"
"總","567","418"
"界","566","467"
"回","565","489"
"企","565","409"
"關","564","424"
"流","555","439"
"光","554","403"
"周","553","476"
"体","552","470"
"此","546","515"
"推","539","505"
"區","539","381"
"世","537","425"
"車","536","253"
"局","532","459"
"造","531","461"
"然","530","477"
"個","529","421"
"現","526","438"
"共","524","423"
"基","522","446"
"经","522","456"
"学","520","303"
"萬","519","323"
"州","518","373"
"但","516","503"
"十","514","403"
"亿","511","318"
"四","508","411"
"友","506","441"
"程","505","422"
"情","498","448"
"性","494","443"
"去","494","444"
"河","494","327"
"活","494","420"
"於","493","428"
"达","491","412"
"運","488","300"
"火","486","371"
"港","485","239"
"打","482","421"
"達","481","365"
"保","478","386"
"間","477","429"
"内","474","421"
"二","469","373"
"息","469","421"
"東","468","310"
"英","468","346"
"景","467","390"
"实","461","405"
"半","461","350"
"引","461","438"
"易","455","355"
"雪","453","247"
"并","452","421"
"統","450","341"
"万","447","330"
"电","445","335"
"福","445","300"
"涨","443","315"
"系","443","360"
"跌","441","298"
"统","440","386"
"香","438","282"
"內","438","342"
"管","436","359"
"华","436","337"
"求","436","389"
"你","434","351"
"影","433","361"
"華","433","289"
"间","433","398"
"古","432","292"
"色","431","345"
"省","429","375"
"节","429","312"
"供","427","368"
"席","427","362"
"克","427","321"
"器","426","298"
"完","425","365"
"走","424","374"
"续","424","386"
"列","424","308"
"言","423","375"
"计","422","378"
"任","421","323"
"再","419","394"
"们","419","349"
"总","419","364"
"放","417","364"
"據","416","367"
"米","416","298"
"境","416","302"
"所","413","384"
"直","413","365"
"清","411","319"
"過","410","361"
"實","409","345"
"巴","409","250"
"城","408","280"
"尔","408","317"
"使","407","356"
"億","406","245"
"後","405","351"
"值","405","326"
"身","403","371"
"需","402","362"
"集","402","334"
"步","401","369"
"因","400","370"
"从","399","375"
"说","399","366"
"东","396","334"
"產","396","271"
"速","396","331"
"由","394","376"
"应","394","334"
"域","393","336"
"率","391","311"
"院","390","290"
"头","389","340"
"未","389","362"
"數","388","285"
"五","388","300"
"經","387","309"
"车","385","211"
"信","385","323"
"突","385","343"
"馬","385","213"
"存","384","294"
"兩","384","278"
"當","381","337"
"网","381","334"
"務","381","269"
"每","380","349"
"越","378","262"
"感","377","338"
"立","376","318"
"老","375","278"
"当","372","346"
"府","372","315"
"两","371","326"
"破","371","325"
"員","370","282"
"幅","370","325"
"節","370","264"
"治","368","323"
"深","368","319"
"常","368","322"
"区","367","308"
"创","367","329"
"記","367","277"
"價","367","205"
"约","365","308"
"士","363","301"
"青","361","248"
"季","361","282"
"計","360","290"
"研","358","265"
"味","356","277"
"委","356","237"
"史","355","319"
"预","355","293"
"务","354","300"
"白","353","284"
"据","352","311"
"员","352","294"
"解","350","320"
"千","350","275"
"售","349","277"
"旅","349","224"
"資","348","233"
"太","347","282"
"洲","347","247"
"各","347","307"
"运","346","266"
"功","344","268"
"學","343","227"
"迎","342","316"
"阿","341","242"
"反","339","304"
"支","338","293"
"遊","338","197"
"件","335","280"
"站","333","206"
"强","333","302"
"聯","333","246"
"亚","332","267"
"低","332","296"
"快","330","304"
"还","329","300"
"非","329","286"
"战","329","272"
"点","328","310"
"降","327","262"
"始","324","308"
"取","324","294"
"際","324","250"
"問","324","244"
"藏","323","200"
"演","322","259"
"告","320","289"
"真","319","274"
"风","319","278"
"施","316","274"
"舉","316","268"
"少","313","281"
"包","309","272"
"設","309","239"
"鐵","309","126"
"何","308","269"
"續","307","267"
"只","304","282"
"联","303","265"
"神","303","246"
"份","302","254"
"导","302","271"
"從","302","262"
"称","302","284"
"社","301","259"
"爾","300","191"
"些","299","272"
"游","298","221"
"夏","297","204"
"應","295","249"
"網","295","235"
"報","294","246"
"林","293","221"
"土","291","214"
"訪","291","209"
"往","290","232"
"警","290","228"
"點","289","235"
"气","289","227"
"致","287","271"
"德","287","215"
"廣","284","181"
"故","284","258"
"先","284","245"
"吃","283","215"
"把","282","253"
"軍","279","191"
"满","278","220"
"无","277","238"
"落","275","251"
"问","275","232"
"導","274","202"
"势","274","245"
"湖","274","175"
"船","273","151"
"初","272","242"
"田","272","146"
"整","271","250"
"菲","271","176"
"望","271","255"
"融","271","238"
"俄","271","139"
"级","269","244"
"線","268","170"
"核","267","204"
"風","267","213"
"际","265","248"
"央","263","192"
"传","262","228"
"號","262","158"
"創","261","207"
"石","260","179"
"很","260","222"
"具","260","241"
"让","260","245"
"食","260","209"
"波","259","238"
"设","259","223"
"调","259","232"
"岸","259","170"
"習","259","148"
"或","258","234"
"百","258","212"
"約","257","208"
"博","257","200"
"团","256","217"
"族","256","183"
"单","255","229"
"官","254","240"
"汽","254","161"
"料","254","209"
"种","254","213"
"底","253","224"
"争","251","229"
"么","251","209"
"军","251","173"
"芯","251","186"
"想","250","219"
"象","250","209"
"亞","249","169"
"做","248","227"
"強","247","208"
"冰","247","128"
"女","246","189"
"湾","246","174"
"又","246","217"
"没","244","218"
"显","243","226"
"服","243","207"
"巨","243","223"
"團","243","196"
"变","242","219"
"议","242","211"
"裝","241","150"
"戰","241","162"
"该","240","215"
"领","240","221"
"查","240","190"
"形","240","210"
"宣","240","231"
"群","240","199"
"組","240","168"
"午","239","203"
"停","239","210"
"木","237","187"
"黑","236","170"
"尼","236","171"
"盛","235","206"
"王","235","176"
"村","234","160"
"媒","234","208"
"吉","234","176"
"储","233","177"
"视","233","198"
"韩","233","138"
"令","233","208"
"热","233","209"
"字","232","186"
"議","232","155"
"苹","231","172"
"那","231","205"
"黃","231","135"
"题","230","202"
"精","230","209"
"算","229","178"
"著","229","203"
"考","228","153"
"貨","228","155"
"标","225","199"
"财","225","171"
"观","224","203"
"知","224","209"
"段","224","180"
"备","224","203"
"律","223","155"
"什","222","190"
"结","221","208"
"历","221","201"
"款","221","180"
"案","221","182"
"門","221","159"
"們","221","180"
"费","220","180"
"项","220","201"
"觀","220","181"
"卡","220","173"
"带","219","203"
"改","219","191"
"標","219","190"
"領","219","177"
"根","218","197"
"注","217","207"
"調","217","164"
"預","215","179"
"连","214","186"
"济","214","179"
"门","214","174"
"哈","214","143"
"飞","213","152"
"究","211","169"
"均","211","189"
"班","211","137"
"足","210","190"
"龍","210","119"
"晚","210","176"
"射","210","105"
"送","210","165"
"给","209","190"
"跨","209","161"
"银","209","165"
"祝","209","163"
"街","208","175"
"居","208","167"
"連","208","164"
"限","208","188"
"防","208","166"
"票","208","143"
"早","207","188"
"批","206","173"
"击","206","192"
"仍","205","193"
"飛","205","117"
"隊","205","141"
"伟","204","161"
"晶","204","143"
"规","203","192"
"沙","203","143"
"几","202","188"
"认","202","190"
"助","202","183"
"承","201","182"
"策","201","182"
"潮","200","167"
"瑞","200","138"
"转","199","184"
"灣","199","131"
"它","198","176"
"採","198","159"
"张","198","173"
"赛","198","129"
"税","197","118"
"級","197","159"
"线","197","162"
"币","197","136"
"産","197","129"
"牌","197","152"
"爆","196","176"
"氣","196","138"
"构","195","174"
"依","194","176"
"奇","194","177"
"即","194","188"
"货","194","160"
"术","194","168"
"亮","193","169"
"眼","193","167"
"效","192","175"
"划","192","180"
"傳","192","157"
"衛","191","102"
"仁","191","144"
"红","191","160"
"教","188","150"
"歷","188","167"
"印","187","133"
"样","187","173"
"賽","187","102"
"辦","186","143"
"態","186","139"
"頭","186","157"
"幕","185","166"
"菜","185","122"
"六","185","159"
"冲","185","173"
"雙","185","133"
"云","184","146"
"吸","184","176"
"随","184","179"
"架","183","145"
"兰","183","136"
"购","183","154"
"漲","183","105"
"武","183","137"
"己","182","159"
"配","182","162"
"擊","182","142"
"威","181","147"
"驗","181","130"
"羅","181","118"
"並","180","171"
"富","179","139"
"護","179","129"
"险","179","159"
"邊","179","143"
"才","178","160"
"谷","178","133"
"野","178","139"
"孩","178","154"
"队","178","149"
"控","177","163"
"微","177","147"
"稱","176","158"
"容","176","152"
"勢","176","148"
"無","176","142"
"画","175","142"
"術","175","137"
"端","175","151"
"該","175","165"
"聞","175","159"
"希","174","163"
"略","174","158"
"種","174","118"
"園","174","129"
"說","174","154"
"失","173","154"
"举","173","164"
"滿","173","150"
"載","173","132"
"密","173","148"
"肉","173","109"
"川","172","115"
"刻","171","154"
"冬","171","114"
"号","170","131"
"遇","170","162"
"備","169","140"
"担","169","158"
"封","169","132"
"蘭","169","111"
"切","168","156"
"习","167","134"
"農","167","98"
"访","167","138"
"排","167","139"
"熱","167","140"
"顯","167","153"
"題","167","140"
"互","166","136"
"塔","166","120"
"龙","165","109"
"夜","165","133"
"救","165","106"
"規","165","131"
"黨","165","97"
"專","164","122"
"坡","164","133"
"广","164","143"
"判","163","130"
"倍","163","135"
"压","163","148"
"濟","163","130"
"縣","162","128"
"舞","162","120"
"软","161","141"
"草","161","108"
"店","161","113"
"映","160","147"
"製","160","123"
"准","160","146"
"温","160","145"
"照","160","143"
"假","159","121"
"版","159","125"
"态","159","140"
"座","158","135"
"命","158","135"
"累","158","138"
"震","157","115"
"歌","157","122"
"营","157","140"
"雲","157","100"
"構","157","128"
"获","157","147"
"決","157","117"
"处","157","141"
"眾","156","136"
"露","156","149"
"决","156","143"
"漫","156","138"
"貿","156","95"
"户","155","128"
"單","155","119"
"書","155","106"
"疆","155","104"
"板","154","132"
"裁","154","109"
"見","154","129"
"視","154","130"
"罗","154","108"
"泰","154","82"
"论","153","132"
"益","153","143"
"拿","152","117"
"營","152","110"
"她","152","107"
"证","151","130"
"参","151","127"
"许","151","140"
"见","151","139"
"例","151","129"
"欧","151","98"
"盟","151","102"
"副","151","136"
"義","151","92"
"協","150","118"
"像","150","139"
"记","150","136"
"變","150","108"
"項","150","117"
"費","150","100"
"鲜","149","112"
"选","149","129"
"零","149","120"
"峰","149","119"
"括","149","146"
"响","149","144"
"育","149","112"
"析","148","137"
"别","148","143"
"农","148","115"
"處","147","126"
"待","147","133"
"帶","146","135"
"验","145","124"
"轉","145","126"
"估","145","125"
"彩","145","112"
"喜","145","133"
"止","145","127"
"穿","144","134"
"众","144","136"
"书","144","116"
"买","144","127"
"積","144","107"
"短","143","131"
"权","143","118"
"协","143","128"
"念","143","110"
"属","143","120"
"积","142","123"
"七","142","104"
"環","142","106"
"话","141","124"
"极","141","127"
"滑","141","113"
"留","141","127"
"荷","141","86"
"背","140","131"
"盘","140","123"
"島","140","78"
"曾","140","132"
"霍","140","108"
"結","139","129"
"啟","139","116"
"參","139","113"
"图","138","127"
"透","138","134"
"移","138","108"
"談","138","108"
"继","138","128"
"截","137","127"
"音","137","102"
"便","137","127"
"组","137","118"
"順","137","102"
"素","136","122"
"陆","136","105"
"贸","135","104"
"朝","135","81"
"岁","135","108"
"师","135","118"
"別","135","117"
"除","135","132"
"急","135","118"
"试","134","108"
"必","134","123"
"延","134","125"
"护","134","111"
"专","133","120"
"频","133","109"
"额","133","115"
"索","133","107"
"卷","133","120"
"輪","132","86"
"銷","132","88"
"装","131","112"
"临","131","123"
"仅","131","125"
"浪","131","115"
"旗","131","110"
"試","131","92"
"屆","131","99"
"測","130","90"
"歐","130","82"
"蒙","130","95"
"边","130","108"
"爱","129","111"
"干","129","114"
"暴","129","114"
"認","129","119"
"澳","129","76"
"谈","128","110"
"独","128","122"
"瓦","128","98"
"論","128","99"
"跑","127","110"
"話","127","108"
"激","127","119"
"追","127","119"
"录","127","111"
"紧","127","121"
"销","127","106"
"登","127","109"
"免","126","111"
"住","126","119"
"启","126","121"
"購","126","89"
"哥","126","83"
"陸","126","97"
"還","126","117"
"轮","125","114"
"享","125","116"
"舟","125","69"
"竞","125","118"
"署","125","106"
"畫","125","109"
"聲","125","106"
"确","124","120"
"复","124","116"
"难","124","118"
"赴","124","112"
"烏","124","66"
"测","123","107"
"则","123","117"
"执","123","105"
"暖","123","112"
"張","123","94"
"寧","123","82"
"讓","123","115"
"远","122","110"
"慶","122","80"
"雨","122","86"
"烈","121","113"
"溫","121","103"
"条","121","104"
"條","121","94"
"岛","121","88"
"八","121","92"
"織","121","100"
"峽","121","77"
"李","120","93"
"乐","120","104"
"額","120","88"
"駐","120","90"
"餐","120","94"
"隨","120","115"
"裡","120","99"
"稳","119","113"
"男","119","97"
"宾","119","80"
"夫","119","86"
"迪","118","97"
"终","118","107"
"返","118","104"
"坦","118","86"
"樂","118","84"
"樣","118","101"
"蘇","118","70"
"避","117","112"
"乎","117","115"
"硬","117","101"
"翻","117","100"
"质","117","113"
"穩","116","100"
"缺","116","106"
"勋","116","91"
"键","116","111"
"巡","116","76"
"采","115","102"
"双","115","94"
"跳","115","99"
"松","115","87"
"奧","115","57"
"播","114","95"
"类","114","106"
"牛","114","87"
"紅","114","81"
"遭","114","111"
"跟","114","107"
"征","114","95"
"轻","114","102"
"鄉","113","81"
"健","113","96"
"麗","113","85"
"質","113","94"
"环","113","106"
"選","113","96"
"權","113","82"
"守","112","94"
"置","112","97"
"园","112","92"
"束","112","107"
"危","112","105"
"否","112","104"
"廠","112","85"
"給","112","96"
"涉","112","100"
"援","112","87"
"似","111","104"
"角","111","100"
"维","111","104"
"离","111","104"
"尽","111","107"
"纳","111","103"
"候","111","97"
"探","111","91"
"胞","111","79"
"兹","111","95"
"韓","111","59"
"豐","110","73"
"断","110","105"
"陵","110","65"
"层","109","91"
"鱼","109","63"
"橋","109","45"
"館","109","74"
"纪","108","97"
"察","108","79"
"室","108","96"
"却","108","104"
"剧","108","104"
"典","108","81"
"阳","108","90"
"占","108","98"
"麼","108","88"
"抵","107","90"
"退","107","86"
"維","107","83"
"玩","106","80"
"若","106","92"
"聚","106","99"
"障","106","97"
"極","106","78"
"燃","106","84"
"噸","105","68"
"稀","105","59"
"俗","105","82"
"繁","104","88"
"拍","104","92"
"忧","104","103"
"母","104","82"
"池","104","75"
"校","104","85"
"愛","104","79"
"峡","104","89"
"付","103","83"
"库","103","80"
"墨","103","70"
"幣","103","68"
"萌","103","88"
"請","103","90"
"志","102","89"
"声","102","95"
"扩","102","94"
"载","102","82"
"緊","102","87"
"輸","102","71"
"劃","102","89"
"绝","101","95"
"豆","101","68"
"圈","101","82"
"党","101","71"
"严","101","99"
"饭","100","69"
"茶","100","54"
"堂","100","93"
"差","99","86"
"充","99","89"
"久","99","67"
"刚","99","71"
"丹","99","71"
"思","98","86"
"灯","98","57"
"離","98","78"
"呼","98","94"
"答","98","83"
"植","98","76"
"评","97","90"
"缓","97","85"
"茲","97","65"
"類","97","77"
"雄","97","83"
"房","97","76"
"办","97","88"
"獲","97","84"
"粉","96","79"
"執","96","73"
"措","96","90"
"係","96","81"
"趣","96","95"
"紀","95","70"
"余","95","82"
"箭","95","60"
"佳","95","83"
"修","94","78"
"宝","94","66"
"響","94","84"
"酒","94","68"
"减","94","88"
"弹","94","81"
"財","94","67"
"侵","94","77"
"挑","94","86"
"优","93","87"
"县","93","83"
"康","93","81"
"伴","93","89"
"语","93","77"
"派","93","79"
"熊","92","42"
"準","92","85"
"厂","92","83"
"憶","92","68"
"病","92","57"
"儲","92","64"
"徽","92","62"
"沒","91","83"
"奔","91","82"
"沉","91","82"
"綠","91","66"
"围","91","86"
"娃","91","74"
"浙","91","65"
"銀","91","60"
"善","90","82"
"愿","90","77"
"沿","90","81"
"套","90","79"
"證","90","82"
"復","90","66"
"歡","90","78"
"梁","89","55"
"汤","89","66"
"晨","89","82"
"卫","89","58"
"獨","89","74"
"層","89","68"
"写","88","78"
"圆","88","71"
"遠","88","79"
"邦","88","78"
"乘","88","71"
"死","87","79"
"戶","87","66"
"钱","87","76"
"贵","87","77"
"圓","87","69"
"怎","87","79"
"义","87","75"
"歲","87","77"
"忙","86","75"
"鑫","86","59"
"摩","86","69"
"攻","86","82"
"稅","86","46"
"慧","86","70"
"促","86","79"
"纷","86","48"
"馆","86","64"
"蛋","85","53"
"觉","85","81"
"且","85","84"
"绩","85","72"
"繼","85","76"
"優","85","75"
"凌","85","73"
"材","85","76"
"九","85","70"
"飙","84","82"
"铁","84","60"
"錄","83","65"
"欢","83","78"
"鸡","83","53"
"邀","83","77"
"散","83","68"
"醫","83","40"
"逐","83","80"
"革","83","68"
"序","82","79"
"亲","82","68"
"较","82","78"
"爭","82","72"
"陽","82","65"
"奖","82","56"
"艘","82","58"
"佛","82","65"
"遺","82","54"
"願","82","70"
"勒","81","65"
"靠","81","75"
"简","81","70"
"鎮","81","64"
"惊","81","76"
"擴","81","71"
"圖","81","71"
"拜","81","63"
"请","80","73"
"托","80","68"
"艺","80","66"
"踏","80","66"
"顺","79","69"
"哪","79","67"
"朋","79","72"
"搭","79","73"
"附","79","72"
"介","79","74"
"良","79","73"
"笔","79","67"
"秀","79","67"
"逾","79","70"
"甜","78","65"
"按","78","75"
"础","78","76"
"冠","78","67"
"遗","78","68"
"润","78","70"
"兒","78","64"
"雷","78","65"
"宫","77","62"
"宜","77","65"
"興","77","56"
"臨","77","74"
"苗","77","66"
"章","77","67"
"誌","77","76"
"親","77","67"
"鄭","77","56"
"伯","76","68"
"距","76","72"
"炸","76","64"
"块","76","62"
"坐","76","69"
"堅","76","66"
"虹","76","58"
"袭","76","68"
"買","76","62"
"奥","76","49"
"努","75","65"
"毛","75","60"
"輛","75","48"
"儿","75","63"
"庭","75","58"
"敦","75","57"
"乡","75","67"
"頻","75","67"
"險","75","62"
"樹","75","48"
"祖","75","65"
"默","75","52"
"树","74","54"
"抗","74","61"
"醒","74","66"
"隻","74","56"
"語","74","57"
"弱","74","69"
"烟","74","64"
"責","74","61"
"蘋","74","38"
"難","73","70"
"劲","73","72"
"况","73","73"
"申","73","60"
"倒","73","70"
"练","73","63"
"炒","73","55"
"骨","73","58"
"链","73","70"
"毅","73","54"
"塞","73","54"
"甚","72","72"
"输","72","62"
"寻","72","68"
"卖","72","59"
"森","72","56"
"圍","72","65"
"則","72","63"
"壓","72","63"
"皮","72","57"
"衝","72","63"
"確","71","68"
"招","71","65"
"细","71","64"
"泡","71","46"
"厚","71","67"
"鳥","71","41"
"較","71","69"
"疑","71","66"
"责","71","63"
"困","71","70"
"董","71","55"
"覆","71","64"
"師","71","61"
"害","71","65"
"兵","71","57"
"罪","71","52"
"职","70","59"
"含","70","65"
"寶","70","48"
"秒","70","62"
"競","70","58"
"玉","70","51"
"尚","69","58"
"浓","69","62"
"盈","69","53"
"呈","69","66"
"姆","69","54"
"終","69","66"
"养","69","55"
"輕","69","61"
"斷","69","62"
"納","69","50"
"丽","69","58"
"襲","69","59"
"媽","69","28"
"吗","68","66"
"軌","68","37"
"借","68","65"
"扎","68","59"
"络","68","57"
"刷","68","65"
"丰","68","60"
"鍵","68","59"
"监","68","61"
"休","68","56"
"梅","68","46"
"亡","67","63"
"隔","67","61"
"锁","67","62"
"桥","67","37"
"末","67","61"
"禁","67","56"
"伏","67","37"
"唐","66","48"
"混","66","57"
"礎","66","57"
"鸟","66","39"
"瓜","66","46"
"焦","66","58"
"紐","66","55"
"另","66","65"
"旦","66","56"
"牙","66","45"
"童","66","52"
"藝","66","48"
"私","65","54"
"归","65","59"
"找","65","60"
"盖","65","58"
"迅","65","60"
"迷","65","61"
"负","65","61"
"熟","64","54"
"债","64","47"
"養","64","35"
"讲","64","53"
"兴","64","58"
"鏈","64","52"
"范","64","61"
"苏","64","55"
"洞","64","42"
"织","64","55"
"減","64","49"
"甘","64","47"
"暗","64","58"
"魚","64","36"
"识","64","56"
"鮮","64","44"
"腾","63","54"
"吧","63","57"
"宇","63","53"
"够","63","58"
"殖","63","35"
"码","63","57"
"振","63","59"
"右","63","62"
"僅","63","59"
"珠","63","44"
"虎","63","31"
"羊","63","40"
"評","63","60"
"犯","63","53"
"庆","62","54"
"雅","62","47"
"汇","62","51"
"读","62","58"
"阻","62","61"
"齐","62","54"
"恢","62","50"
"階","62","49"
"顶","62","56"
"冷","62","50"
"換","62","48"
"劇","62","47"
"遍","61","59"
"诉","61","55"
"操","61","57"
"寒","61","53"
"胀","61","50"
"魅","61","60"
"闻","61","60"
"惠","61","58"
"辣","61","41"
"負","61","50"
"肥","61","42"
"彈","61","45"
"壁","60","49"
"恐","60","54"
"笑","60","54"
"抓","60","55"
"叫","60","53"
"途","60","55"
"嚴","60","50"
"秘","60","57"
"宵","60","35"
"训","59","50"
"授","59","51"
"永","59","51"
"损","59","54"
"昌","59","47"
"坚","59","56"
"奶","59","39"
"枝","59","41"
"毒","59","31"
"沃","58","47"
"洪","58","44"
"替","58","52"
"杭","58","38"
"折","58","49"
"賓","58","44"
"旺","58","44"
"择","57","53"
"頂","57","42"
"虾","57","32"
"箱","57","41"
"左","57","56"
"慢","57","47"
"幸","57","56"
"僑","57","21"
"黎","57","41"
"唱","57","41"
"镇","56","47"
"盤","56","44"
"血","56","47"
"幻","56","46"
"固","56","49"
"逆","56","49"
"须","56","54"
"脑","56","44"
"鼓","56","49"
"艦","56","34"
"碧","56","48"
"偉","56","41"
"驚","56","54"
"驻","56","50"
"帮","55","50"
"尖","55","53"
"补","55","49"
"赏","55","51"
"宁","55","45"
"揭","55","48"
"攀","55","52"
"曲","55","50"
"珍","55","45"
"兼","55","54"
"签","55","49"
"針","55","51"
"灵","55","53"
"漠","55","39"
"補","55","33"
"壇","55","36"
"换","54","50"
"错","54","50"
"況","54","51"
"脆","54","52"
"丝","54","39"
"状","54","50"
"宛","54","49"
"杯","54","40"
"汉","54","40"
"拖","54","49"
"岩","54","37"
"嘉","54","45"
"輝","54","40"
"父","54","42"
"鎖","54","44"
"荡","53","52"
"订","53","47"
"宗","53","48"
"甲","53","43"
"溢","53","52"
"捕","53","47"
"陷","53","53"
"祥","53","49"
"簽","53","42"
"麦","53","39"
"纸","53","47"
"儀","53","43"
"曼","53","45"
"仿","52","47"
"泛","52","50"
"巷","52","44"
"缩","52","48"
"赖","52","49"
"盎","52","46"
"劳","52","48"
"仙","52","36"
"洛","52","38"
"夕","52","48"
"碗","52","44"
"麻","52","40"
"隆","52","43"
"郵","52","19"
"恩","52","38"
"挂","51","48"
"監","51","40"
"梦","51","45"
"券","51","41"
"狂","51","49"
"句","51","47"
"屏","51","46"
"浸","51","46"
"诗","51","41"
"燈","51","28"
"宴","51","41"
"胁","51","50"
"锅","51","42"
"饰","51","38"
"堆","50","38"
"钟","50","44"
"披","50","47"
"耗","50","45"
"杆","50","32"
"迫","50","49"
"既","50","49"
"巧","50","48"
"医","50","39"
"届","50","45"
"餘","50","45"
"津","50","32"
"触","49","48"
"酱","49","37"
"净","49","42"
"敢","49","41"
"蒸","49","35"
"咖","49","29"
"蓋","49","42"
"裔","49","20"
"添","49","46"
"魯","49","33"
"拥","49","47"
"卻","49","47"
"泉","48","36"
"述","48","48"
"駛","48","37"
"忘","48","43"
"悉","48","46"
"衡","48","45"
"抛","48","48"
"循","48","45"
"伙","48","47"
"籍","48","44"
"腐","48","37"
"酸","48","34"
"翠","48","40"
"审","48","43"
"麥","48","29"
"擔","48","42"
"絕","48","47"
"紛","48","27"
"杜","48","36"
"庫","48","33"
"甸","48","31"
"練","48","35"
"暑","47","29"
"拔","47","41"
"概","47","42"
"篇","47","40"
"宏","47","42"
"匯","47","35"
"尤","47","46"
"召","47","43"
"嫩","47","43"
"纽","47","45"
"許","47","42"
"氛","47","45"
"瞬","47","43"
"濱","47","27"
"徐","47","32"
"齊","47","38"
"雕","47","28"
"陈","47","44"
"啡","47","27"
"绿","46","39"
"蓝","46","35"
"掉","46","43"
"幼","46","34"
"符","46","42"
"秦","46","27"
"佈","46","42"
"浮","46","39"
"雾","46","33"
"杨","46","32"
"暂","46","44"
"邓","46","28"
"霞","46","33"
"圳","46","37"
"礼","46","38"
"伦","46","44"
"屬","46","41"
"孫","46","24"
"檢","46","35"
"範","46","38"
"讯","45","41"
"藍","45","35"
"懂","45","44"
"碳","45","25"
"徑","45","38"
"般","45","43"
"谁","45","40"
"講","45","42"
"饼","45","26"
"薩","45","29"
"紹","45","39"
"袖","45","36"
"郑","45","39"
"楼","44","38"
"掌","44","40"
"拼","44","37"
"脚","44","38"
"账","44","34"
"检","44","37"
"潜","44","36"
"缘","44","43"
"抱","44","40"
"汁","44","39"
"廈","44","20"
"撞","44","36"
"訊","44","41"
"柔","44","40"
"倫","44","31"
"衣","43","35"
"貓","43","20"
"逊","43","36"
"综","43","41"
"适","43","41"
"糖","43","35"
"听","43","40"
"阶","43","41"
"绪","43","43"
"搶","43","31"
"竟","43","43"
"胡","43","34"
"静","43","36"
"覽","43","40"
"絡","43","34"
"霸","43","38"
"兆","43","36"
"獎","43","27"
"您","43","37"
"皆","43","41"
"茨","43","28"
"番","42","35"
"桶","42","35"
"榮","42","32"
"偏","42","36"
"豪","42","38"
"塑","42","36"
"畝","42","37"
"佔","42","35"
"賀","42","29"
"讨","42","39"
"廳","42","32"
"靈","42","37"
"琉","42","16"
"允","42","40"
"騰","42","33"
"尾","42","37"
"稻","42","20"
"隐","41","40"
"镜","41","38"
"杀","41","32"
"猫","41","21"
"勇","41","36"
"址","41","23"
"碼","41","37"
"幾","41","39"
"怕","41","38"
"违","41","39"
"絲","41","32"
"煮","41","33"
"狗","41","26"
"挫","41","38"
"妈","41","23"
"敬","40","39"
"耐","40","34"
"乌","40","30"
"漂","40","33"
"寨","40","27"
"偶","40","39"
"杠","40","22"
"胜","40","36"
"绕","40","40"
"摘","40","33"
"旋","40","36"
"聽","40","34"
"榴","40","20"
"謝","40","32"
"撼","40","40"
"伤","40","36"
"赞","40","40"
"爸","40","19"
"饮","40","32"
"尋","40","35"
"撤","40","35"
"撑","39","38"
"摄","39","31"
"桌","39","37"
"昨","39","38"
"闭","39","35"
"賣","39","32"
"識","39","34"
"枚","39","31"
"烧","39","33"
"顿","39","39"
"滨","39","22"
"軟","39","30"
"煜","39","27"
"淡","39","34"
"壮","39","38"
"貴","39","29"
"佩","39","33"
"猪","39","24"
"錯","39","36"
"災","39","19"
"药","39","27"
"荣","38","30"
"铜","38","29"
"迹","38","38"
"唯","38","36"
"握","38","34"
"斗","38","35"
"戏","38","34"
"纯","38","37"
"朱","38","28"
"苦","38","32"
"虽","38","38"
"尝","38","34"
"铺","38","33"
"抢","38","34"
"课","38","31"
"鏡","38","31"
"叶","38","33"
"疗","38","29"
"旨","38","38"
"针","38","38"
"嬷","38","29"
"烤","38","29"
"喝","38","34"
"夺","38","37"
"艳","37","32"
"框","37","35"
"彭","37","33"
"拟","37","34"
"逼","37","36"
"勝","37","30"
"撒","37","37"
"罕","37","34"
"贝","37","33"
"患","37","34"
"晤","37","30"
"予","37","37"
"械","37","27"
"杂","37","35"
"鹿","37","19"
"夢","37","30"
"鲁","37","29"
"诺","37","36"
"涌","37","35"
"歸","37","27"
"抹","37","34"
"悄","37","25"
"吨","37","27"
"寫","37","33"
"漢","37","23"
"腳","37","30"
"泥","36","25"
"矿","36","25"
"弟","36","24"
"姿","36","33"
"租","36","22"
"蒂","36","36"
"債","36","20"
"悠","36","31"
"訂","36","28"
"艇","36","28"
"愈","36","32"
"潤","36","27"
"汕","36","29"
"厦","36","25"
"刊","36","31"
"勳","36","26"
"鋼","36","21"
"鬆","36","34"
"郭","36","30"
"涵","36","36"
"宋","35","25"
"脅","35","28"
"啊","35","33"
"贷","35","26"
"榜","35","26"
"寺","35","25"
"虑","35","34"
"聊","35","28"
"猛","35","33"
"麟","35","25"
"樓","35","22"
"勃","35","25"
"姐","35","21"
"禮","35","34"
"柴","35","25"
"押","35","34"
"錢","35","29"
"扬","35","31"
"柬","35","15"
"曆","35","30"
"疊","35","26"
"緬","35","15"
"昆","35","28"
"骗","35","21"
"勾","34","34"
"窗","34","25"
"桃","34","25"
"旧","34","29"
"葱","34","24"
"椒","34","26"
"啦","34","30"
"驱","34","34"
"亏","34","28"
"鐘","34","28"
"繞","34","32"
"狀","34","28"
"耳","34","26"
"裂","34","29"
"獅","34","22"
"肅","34","18"
"绽","34","33"
"薪","34","25"
"嫌","34","30"
"渡","34","27"
"驾","34","29"
"帝","34","21"
"嘴","34","26"
"鋪","34","29"
"屋","34","25"
"剛","34","26"
"梯","34","19"
"殺","34","25"
"契","34","29"
"奪","34","30"
"粽","34","16"
"筹","33","32"
"拆","33","27"
"吹","33","29"
"郁","33","32"
"尊","33","30"
"敏","33","30"
"误","33","30"
"拒","33","32"
"湿","33","20"
"陝","33","21"
"拓","33","33"
"耕","33","23"
"募","33","27"
"謂","33","32"
"盡","33","31"
"駕","33","24"
"霧","33","24"
"憂","33","29"
"療","33","18"
"濕","33","23"
"盐","33","22"
"牧","33","26"
"勤","33","30"
"玛","33","28"
"辆","33","27"
"驶","33","25"
"傷","33","29"
"舊","33","23"
"賴","33","29"
"綜","33","31"
"壯","33","28"
"陳","33","25"
"梿","33","14"
"損","33","27"
"哲","33","25"
"丙","33","31"
"掛","33","31"
"幫","33","30"
"谱","32","29"
"培","32","31"
"毫","32","30"
"赚","32","21"
"塘","32","28"
"剩","32","30"
"莫","32","31"
"串","32","29"
"濃","32","25"
"宿","32","23"
"挖","32","21"
"腦","32","24"
"捷","32","27"
"乱","32","31"
"暨","32","30"
"裹","32","31"
"礦","32","18"
"樞","32","26"
"筑","31","29"
"搞","31","28"
"梭","31","30"
"緩","31","25"
"楚","31","30"
"编","31","29"
"贴","31","26"
"崗","31","20"
"挺","31","31"
"喊","31","30"
"凭","31","29"
"薄","31","30"
"吐","31","27"
"戴","31","28"
"擁","31","28"
"耀","31","27"
"純","31","25"
"勞","31","29"
"柱","31","22"
"脈","31","23"
"貼","31","19"
"遞","31","20"
"刺","30","29"
"异","30","27"
"怀","30","29"
"滚","30","24"
"盾","30","15"
"搜","30","26"
"貌","30","28"
"袋","30","26"
"吁","30","30"
"叠","30","24"
"溪","30","20"
"欣","30","25"
"猴","30","13"
"祭","30","23"
"釋","30","23"
"魏","30","23"
"績","30","24"
"孔","29","22"
"豹","29","17"
"躍","29","25"
"丁","29","26"
"堡","29","25"
"液","29","24"
"疲","29","29"
"橫","29","26"
"刀","29","24"
"肃","29","28"
"磋","29","19"
"爽","29","25"
"芝","29","22"
"邁","29","27"
"縮","29","26"
"凯","29","28"
"遼","29","21"
"匹","29","23"
"秋","29","26"
"染","29","29"
"糕","29","20"
"锡","29","20"
"審","29","23"
"蹄","29","24"
"奏","29","28"
"嶺","29","20"
"诈","29","19"
"径","28","26"
"魔","28","23"
"剪","28","20"
"凉","28","21"
"睡","28","22"
"绘","28","26"
"擇","28","27"
"煌","28","22"
"磁","28","20"
"摆","28","27"
"碰","28","26"
"燕","28","22"
"履","28","26"
"岭","28","23"
"阵","28","22"
"靜","28","23"
"井","28","24"
"戲","28","23"
"柳","28","24"
"棉","28","14"
"疫","28","26"
"贺","28","23"
"仔","28","17"
"钢","28","21"
"释","28","28"
"渐","28","27"
"轨","28","24"
"仪","28","25"
"穆","28","24"
"舶","27","23"
"跃","27","27"
"档","27","23"
"毕","27","25"
"陶","27","20"
"某","27","26"
"亦","27","25"
"顾","27","27"
"旬","27","22"
"横","27","24"
"滋","27","21"
"扣","27","24"
"葉","27","17"
"塊","27","16"
"綻","27","21"
"紫","27","27"
"赶","27","25"
"煙","27","25"
"譽","27","27"
"灾","27","22"
"慮","27","23"
"蓄","27","21"
"邮","27","14"
"萨","27","23"
"娘","27","22"
"蝶","27","14"
"葡","27","17"
"陪","27","27"
"坛","27","23"
"凝","27","25"
"埔","27","16"
"築","27","25"
"妙","27","23"
"桐","26","15"
"递","26","23"
"遵","26","22"
"闪","26","22"
"鹽","26","13"
"洗","26","22"
"肯","26","23"
"翼","26","22"
"凈","26","18"
"賞","26","22"
"喀","26","21"
"漸","26","22"
"煤","26","16"
"編","26","23"
"舒","26","25"
"瓷","26","17"
"扇","26","14"
"吊","26","18"
"畔","26","22"
"細","26","25"
"韻","26","22"
"訴","26","20"
"浩","26","19"
"刘","26","23"
"谋","26","22"
"杰","26","24"
"痛","26","26"
"哭","26","18"
"鲍","26","18"
"赢","26","24"
"竹","26","23"
"鹅","26","14"
"挥","26","24"
"暫","26","21"
"週","26","25"
"桑","26","20"
"璀","26","25"
"璨","26","25"
"讚","26","25"
"旁","26","26"
"寬","26","23"
"埃","26","25"
"顧","26","23"
"呢","25","24"
"烂","25","25"
"摸","25","24"
"趋","25","25"
"宽","25","24"
"凸","25","25"
"皇","25","17"
"腿","25","18"
"勁","25","25"
"隧","25","12"
"閉","25","21"
"紙","25","21"
"棋","25","11"
"涼","25","14"
"臺","25","21"
"丨","25","24"
"錦","25","21"
"桂","25","17"
"糧","25","13"
"脉","25","25"
"姚","25","13"
"鸭","25","17"
"荔","25","8"
"徵","25","24"
"廷","25","19"
"迟","25","21"
"魂","25","22"
"銅","25","19"
"败","25","25"
"逢","25","25"
"舰","25","16"
"蓮","25","13"
"孙","25","17"
"劉","25","18"
"崖","24","19"
"词","24","22"
"揚","24","19"
"須","24","21"
"丘","24","19"
"沫","24","19"
"斑","24","18"
"陕","24","20"
"兑","24","17"
"糯","24","20"
"茄","24","13"
"撐","24","23"
"揮","24","20"
"牵","24","23"
"胎","24","13"
"闹","24","22"
"煎","24","17"
"獻","24","23"
"雖","24","23"
"菌","24","12"
"萄","24","14"
"瑰","24","17"
"斤","24","24"
"岗","24","22"
"奈","24","20"
"陣","24","21"
"幹","24","20"
"寵","24","13"
"泊","24","19"
"侨","24","19"
"慎","24","24"
"訓","24","21"
"祈","24","18"
"泄","24","19"
"株","24","17"
"刑","24","21"
"爺","24","12"
"瞰","23","18"
"迁","23","23"
"绍","23","23"
"锋","23","17"
"恶","23","21"
"粮","23","17"
"仓","23","21"
"扰","23","22"
"瓶","23","21"
"遥","23","20"
"狮","23","13"
"昂","23","22"
"鳴","23","21"
"寸","23","21"
"藥","23","14"
"寄","23","20"
"暢","23","20"
"誉","23","23"
"劍","23","21"
"趕","23","23"
"忆","23","22"
"弃","23","22"
"谓","23","23"
"乏","23","23"
"虚","23","20"
"碎","23","20"
"庄","23","22"
"鬧","23","21"
"爷","23","13"
"削","23","23"
"迈","23","22"
"盃","23","15"
"挪","23","14"
"钨","23","6"
"赤","23","20"
"緣","23","21"
"筆","23","16"
"君","23","16"
"誤","23","22"
"赫","23","20"
"氏","23","17"
"櫻","23","8"
"馳","22","19"
"捐","22","16"
"硅","22","21"
"酥","22","21"
"厅","22","20"
"擎","22","21"
"崩","22","22"
"掀","22","22"
"颗","22","21"
"飯","22","16"
"蓬","22","19"
"貫","22","20"
"吞","22","18"
"嗎","22","20"
"藉","22","22"
"碑","22","19"
"壞","22","22"
"坏","22","22"
"詩","22","21"
"隱","22","20"
"滾","22","12"
"卸","22","20"
"忠","22","18"
"潔","22","15"
"亩","22","19"
"帕","22","13"
"汗","22","14"
"驰","22","19"
"職","22","20"
"渝","22","14"
"盪","22","20"
"骏","22","17"
"聘","22","18"
"牢","22","19"
"撾","22","16"
"閩","22","15"
"趟","22","18"
"婆","22","13"
"亂","22","21"
"邻","22","22"
"棒","22","21"
"肖","22","16"
"蜜","22","17"
"泳","22","11"
"帆","21","16"
"雀","21","13"
"彻","21","20"
"酷","21","20"
"猜","21","17"
"徒","21","19"
"巢","21","13"
"慌","21","19"
"詞","21","18"
"纹","21","16"
"弈","21","19"
"眉","21","15"
"浦","21","14"
"懷","21","17"
"諾","21","15"
"惕","21","21"
"趨","21","21"
"曝","21","21"
"割","21","17"
"傅","21","20"
"踪","21","18"
"瑪","21","21"
"攜","21","21"
"併","21","17"
"叔","21","12"
"鸣","21","20"
"宮","21","18"
"坊","20","16"
"悬","20","20"
"抽","20","16"
"脸","20","17"
"宙","20","14"
"飆","20","20"
"拳","20","18"
"牽","20","17"
"芒","20","14"
"垂","20","17"
"胃","20","17"
"羽","20","14"
"槍","20","15"
"祁","20","11"
"閃","20","16"
"晰","20","20"
"謀","20","14"
"偷","20","16"
"婚","20","11"
"殊","20","20"
"笼","20","15"
"夥","20","16"
"渠","20","18"
"芬","20","14"
"敗","20","18"
"惜","20","18"
"適","20","20"
"繪","20","19"
"辞","20","17"
"壤","20","17"
"奢","20","16"
"莎","20","11"
"圭","20","13"
"泼","20","15"
"鋁","20","4"
"俯","19","18"
"凡","19","18"
"蜿","19","18"
"蜒","19","18"
"驅","19","16"
"夠","19","18"
"讀","19","17"
"妥","19","16"
"彼","19","17"
"誠","19","18"
"斜","19","15"
"颜","19","16"
"骑","19","16"
"脱","19","18"
"茂","19","18"
"憑","19","19"
"誼","19","14"
"厨","19","14"
"饱","19","19"
"亭","19","10"
"敲","19","18"
"複","19","15"
"描","19","17"
"夹","19","18"
"伍","19","19"
"卿","19","16"
"秧","19","13"
"咸","19","17"
"課","19","18"
"顆","19","13"
"遙","19","14"
"堪","19","18"
"牆","19","18"
"悟","19","15"
"誰","19","19"
"違","19","17"
"蔬","19","14"
"洁","19","16"
"踐","19","13"
"糊","19","17"
"仲","19","12"
"飾","19","18"
"症","19","16"
"脫","19","16"
"旭","19","13"
"逛","19","14"
"沈","19","14"
"挤","18","16"
"谢","18","17"
"辉","18","18"
"穫","18","17"
"览","18","17"
"奋","18","17"
"犀","18","9"
"瓣","18","15"
"拌","18","13"
"戳","18","18"
"蒜","18","9"
"韦","18","17"
"炮","18","16"
"插","18","16"
"怪","18","16"
"盒","18","15"
"秩","18","18"
"貝","18","12"
"徹","18","17"
"译","18","13"
"瀑","18","12"
"漁","18","17"
"鼻","18","18"
"綿","18","16"
"肠","18","16"
"诚","18","18"
"舍","18","16"
"掘","18","14"
"宠","18","11"
"韧","18","18"
"庞","18","18"
"御","18","17"
"倉","18","12"
"攝","18","15"
"泽","18","15"
"歧","18","16"
"覺","18","17"
"碍","18","18"
"脊","18","11"
"辛","18","16"
"異","18","17"
"斥","18","17"
"惡","18","15"
"艙","18","12"
"鋒","18","15"
"谨","18","18"
"沟","18","16"
"鸿","18","15"
"摊","18","14"
"詐","18","8"
"韵","18","18"
"寓","18","18"
"迭","17","17"
"灘","17","15"
"询","17","16"
"阅","17","16"
"翔","17","14"
"圣","17","14"
"洒","17","17"
"託","17","16"
"乃","17","17"
"鼠","17","13"
"丢","17","15"
"踩","17","15"
"漏","17","14"
"熔","17","16"
"滩","17","17"
"荒","17","15"
"奠","17","17"
"怒","17","17"
"覓","17","17"
"諧","17","17"
"萊","17","12"
"灌","17","12"
"簡","17","17"
"伸","17","17"
"册","17","17"
"裏","17","15"
"栏","17","17"
"冒","17","17"
"滯","17","14"
"馨","17","17"
"泪","17","15"
"仰","17","17"
"锦","17","16"
"蝴","17","8"
"飘","17","15"
"澈","17","17"
"溝","17","16"
"矽","17","12"
"讼","17","14"
"檔","17","14"
"恰","17","15"
"姓","17","16"
"惯","17","16"
"觸","17","16"
"摇","17","15"
"搬","17","17"
"酋","17","14"
"澄","17","16"
"鹤","17","12"
"裕","17","17"
"腊","17","12"
"邏","17","14"
"玻","17","14"
"樱","17","8"
"篮","16","11"
"凤","16","14"
"醇","16","12"
"淋","16","15"
"殿","16","9"
"填","16","16"
"琴","16","12"
"粵","16","11"
"詢","16","16"
"浅","16","13"
"屠","16","11"
"炼","16","15"
"炎","16","10"
"腹","16","15"
"註","16","14"
"炖","16","11"
"搖","16","15"
"爬","16","14"
"删","16","10"
"臣","16","12"
"翁","16","16"
"墙","16","15"
"啥","16","16"
"抑","16","14"
"崽","16","10"
"玫","16","9"
"盆","16","15"
"癒","16","15"
"献","16","15"
"艾","16","15"
"灰","16","14"
"钻","16","13"
"剑","16","13"
"扑","16","15"
"凱","16","12"
"槟","16","11"
"峻","16","16"
"咬","16","16"
"嘗","16","14"
"督","16","14"
"扫","16","13"
"戒","16","14"
"譴","16","15"
"婦","16","12"
"卢","16","15"
"凍","16","12"
"縱","16","16"
"闖","16","16"
"抬","16","15"
"俊","16","14"
"雜","16","15"
"漳","16","7"
"鍋","16","12"
"谴","16","13"
"呆","16","7"
"乳","15","13"
"辑","15","14"
"兄","15","12"
"伐","15","14"
"沖","15","12"
"姜","15","12"
"盯","15","14"
"沁","15","10"
"翅","15","11"
"韌","15","13"
"腻","15","15"
"骤","15","15"
"页","15","13"
"聪","15","15"
"潛","15","15"
"擬","15","15"
"捉","15","15"
"辽","15","11"
"膨","15","14"
"龄","15","14"
"迄","15","15"
"扶","15","14"
"曳","15","15"
"厘","15","13"
"姑","15","12"
"匠","15","15"
"喉","15","12"
"茫","15","13"
"狠","15","12"
"慰","15","14"
"贡","15","12"
"逃","15","15"
"弄","15","11"
"淚","15","12"
"莊","15","12"
"蔡","15","13"
"崛","15","14"
"淮","15","6"
"淨","15","13"
"晴","15","14"
"叙","15","12"
"狼","15","12"
"騎","15","14"
"磨","15","12"
"紮","15","15"
"怡","15","12"
"垃","15","12"
"圾","15","12"
"齡","15","11"
"蕾","15","10"
"邂","15","15"
"逅","15","15"
"歇","15","14"
"悦","15","12"
"奮","15","11"
"璃","15","13"
"吴","15","13"
"乒","15","6"
"胶","14","11"
"毁","14","12"
"螺","14","8"
"逻","14","13"
"噴","14","13"
"芽","14","14"
"雁","14","9"
"莱","14","12"
"崇","14","9"
"晋","14","14"
"冊","14","11"
"麋","14","5"
"搓","14","13"
"缀","14","14"
"悲","14","11"
"棲","14","13"
"淘","14","10"
"励","14","13"
"闽","14","10"
"渔","14","9"
"灭","14","10"
"炭","14","11"
"苍","14","14"
"槓","14","11"
"桿","14","11"
"朴","14","12"
"辭","14","12"
"棕","14","10"
"纖","14","7"
"崔","14","10"
"緯","14","7"
"憲","14","14"
"説","14","13"
"潭","14","9"
"頸","14","10"
"舱","14","11"
"携","14","12"
"翩","14","12"
"遲","14","13"
"討","14","13"
"枢","14","14"
"聖","14","9"
"辰","14","14"
"侈","14","12"
"役","14","12"
"跡","14","12"
"駿","14","13"
"疾","14","13"
"蝦","14","5"
"騙","14","9"
"侠","14","13"
"鳳","14","10"
"枪","14","11"
"遂","14","13"
"鄂","14","7"
"柯","14","8"
"坪","14","9"
"妻","14","14"
"梳","13","12"
"盲","13","9"
"罚","13","11"
"誓","13","12"
"疯","13","13"
"栖","13","11"
"馅","13","10"
"腌","13","9"
"尺","13","12"
"墓","13","13"
"罐","13","11"
"壶","13","8"
"嫦","13","8"
"娥","13","8"
"抄","13","12"
"敌","13","13"
"昔","13","11"
"荐","13","12"
"忽","13","12"
"详","13","13"
"脂","13","9"
"畅","13","13"
"壩","13","8"
"潘","13","10"
"盧","13","7"
"蔓","13","12"
"閣","13","7"
"炫","13","12"
"朵","13","9"
"煲","13","7"
"涂","13","11"
"废","13","10"
"烫","13","13"
"粒","13","12"
"堵","13","11"
"僵","13","12"
"芋","13","6"
"赋","13","12"
"肩","13","11"
"潑","13","8"
"催","13","13"
"愁","13","13"
"阔","13","13"
"莲","13","13"
"湯","13","9"
"慕","13","13"
"倾","13","12"
"忍","13","13"
"虫","13","10"
"艰","13","13"
"捧","13","13"
"贏","13","13"
"闊","13","13"
"棵","13","11"
"羚","13","11"
"籌","13","13"
"豬","13","6"
"嫁","13","12"
"瞄","13","13"
"鬥","13","11"
"床","13","12"
"茅","13","8"
"壟","13","11"
"焰","13","9"
"頓","13","12"
"曉","13","10"
"弗","13","13"
"蟹","13","6"
"蒼","13","13"
"庙","13","10"
"勵","13","13"
"釣","13","7"
"污","13","12"
"尿","13","11"
"蕴","13","13"
"耶","13","9"
"牡","13","8"
"冻","13","13"
"冕","13","11"
"騁","12","9"
"赠","12","10"
"磅","12","11"
"贾","12","9"
"絢","12","8"
"鷺","12","7"
"氧","12","10"
"斩","12","10"
"賦","12","12"
"卤","12","8"
"淀","12","9"
"腰","12","12"
"雞","12","12"
"恒","12","11"
"嵌","12","12"
"垄","12","11"
"駁","12","11"
"嬤","12","7"
"鞋","12","8"
"嬉","12","12"
"帖","12","10"
"煥","12","11"
"傲","12","11"
"妹","12","6"
"钩","12","11"
"贈","12","11"
"肚","12","8"
"譜","12","10"
"棚","12","11"
"穷","12","9"
"糟","12","10"
"捏","12","12"
"菱","12","7"
"粤","12","10"
"鵝","12","7"
"胸","12","11"
"懸","12","11"
"湧","12","10"
"滬","12","7"
"馍","12","7"
"闲","12","11"
"酵","12","12"
"腔","12","9"
"坑","12","11"
"靖","12","8"
"繚","12","10"
"艷","12","12"
"肌","12","5"
"殘","12","8"
"貢","12","9"
"绚","12","12"
"籲","12","12"
"绵","12","12"
"绳","12","8"
"偿","12","11"
"盼","12","12"
"宅","12","11"
"妇","12","9"
"豫","12","9"
"乾","12","11"
"洱","12","9"
"摔","12","11"
"叹","12","12"
"巩","12","12"
"祉","12","12"
"彰","12","12"
"臉","12","12"
"窄","12","12"
"貶","12","7"
"遷","12","10"
"孟","12","11"
"鄰","12","11"
"毀","12","11"
"俱","12","11"
"欲","12","12"
"粼","12","6"
"祀","12","11"
"扮","12","12"
"橘","12","8"
"柏","12","11"
"鰲","12","4"
"凇","12","8"
"諒","11","8"
"繩","11","10"
"蚝","11","5"
"浑","11","11"
"残","11","11"
"掏","11","11"
"滞","11","11"
"粗","11","8"
"觅","11","11"
"莓","11","6"
"擺","11","10"
"瞻","11","11"
"疏","11","11"
"倡","11","11"
"帷","11","11"
"拋","11","10"
"湘","11","7"
"臂","11","10"
"昏","11","10"
"翟","11","8"
"塌","11","10"
"礙","11","11"
"巅","11","10"
"襯","11","8"
"猶","11","10"
"碩","11","10"
"洽","11","10"
"麓","11","11"
"麒","11","7"
"搏","11","10"
"燒","11","11"
"剔","11","11"
"琼","11","11"
"閘","11","6"
"姨","11","8"
"俠","11","7"
"醉","11","11"
"豁","11","10"
"鹰","11","9"
"驳","11","11"
"綴","11","11"
"拂","11","11"
"錫","11","8"
"侧","11","11"
"衍","11","10"
"拾","11","11"
"乙","11","7"
"咱","11","10"
"乔","11","10"
"夸","11","11"
"赔","11","11"
"嘎","11","7"
"宪","11","11"
"挡","11","10"
"勿","11","10"
"蹟","11","11"
"瑩","11","9"
"鑽","11","4"
"敘","11","9"
"缅","11","7"
"罢","11","10"
"鞭","11","10"
"釔","11","5"
"臘","11","8"
"弥","11","10"
"纤","11","8"
"牲","11","10"
"囤","11","9"
"鬼","10","8"
"抖","10","9"
"蜂","10","9"
"搅","10","10"
"埋","10","10"
"哇","10","10"
"扭","10","10"
"栽","10","10"
"滇","10","7"
"筋","10","10"
"怖","10","10"
"駝","10","5"
"碾","10","10"
"蘊","10","10"
"剂","10","9"
"颠","10","10"
"薯","10","9"
"戈","10","9"
"厲","10","9"
"豚","10","4"
"稿","10","10"
"妨","10","10"
"贯","10","10"
"卓","10","7"
"菇","10","7"
"擅","10","9"
"瑟","10","7"
"釁","10","7"
"猎","10","10"
"溯","10","10"
"熬","10","9"
"喷","10","8"
"弯","10","9"
"夷","10","6"
"舌","10","10"
"栩","10","5"
"涛","10","10"
"飲","10","7"
"熠","10","5"
"敵","10","9"
"峪","10","6"
"萧","10","6"
"逮","10","9"
"虧","10","7"
"阴","10","10"
"滅","10","7"
"笛","10","8"
"蛇","10","7"
"晒","10","9"
"陰","10","7"
"迴","10","10"
"竣","10","6"
"捍","10","10"
"掩","10","10"
"彌","10","6"
"梨","10","8"
"娱","10","10"
"遏","10","10"
"窟","10","5"
"谊","10","8"
"鲸","10","3"
"慈","10","7"
"乓","10","5"
"惨","10","9"
"麵","10","8"
"劾","10","5"
"吳","10","5"
"翊","10","8"
"丈","9","8"
"卧","9","9"
"徘","9","9"
"徊","9","9"
"閒","9","8"
"馈","9","8"
"伞","9","6"
"緒","9","9"
"砂","9","7"
"鼎","9","8"
"睛","9","8"
"酿","9","7"
"鱿","9","6"
"伪","9","7"
"掠","9","7"
"屈","9","9"
"攔","9","6"
"峦","9","9"
"壽","9","4"
"菊","9","5"
"敞","9","8"
"丸","9","7"
"徙","9","9"
"赌","9","8"
"賬","9","8"
"扛","9","9"
"釉","9","5"
"鞍","9","4"
"劝","9","9"
"綢","9","9"
"漾","9","7"
"谣","9","8"
"盏","9","6"
"舆","9","9"
"賈","9","7"
"遮","9","9"
"诞","9","9"
"奉","9","9"
"袍","9","7"
"晓","9","8"
"沧","9","6"
"衷","9","9"
"劣","9","9"
"勺","9","7"
"爛","9","6"
"脹","9","7"
"伺","9","9"
"叉","9","8"
"鹭","9","7"
"冀","9","8"
"礁","9","7"
"萝","9","9"
"卜","9","8"
"瑤","9","5"
"摧","9","8"
"癌","9","8"
"氨","9","3"
"鶴","9","4"
"氫","9","4"
"瞩","9","9"
"儘","9","9"
"墩","9","5"
"欠","9","7"
"橡","9","5"
"吾","9","6"
"蕪","9","5"
"澤","9","7"
"拱","9","6"
"髮","9","8"
"辯","9","8"
"郊","9","9"
"歉","9","7"
"側","9","9"
"砖","9","9"
"澜","9","9"
"趁","9","9"
"鑼","9","8"
"聆","9","9"
"淌","9","9"
"誕","9","9"
"碌","9","9"
"捞","9","7"
"滕","9","3"
"斡","9","5"
"绎","9","9"
"廟","9","6"
"歙","9","5"
"峨","9","6"
"蕉","9","4"
"贩","9","8"
"椰","9","6"
"斌","9","8"
"琳","9","8"
"傑","9","8"
"遣","9","9"
"蘆","9","6"
"阁","8","7"
"帧","8","7"
"肢","8","8"
"咋","8","7"
"繫","8","8"
"擦","8","8"
"斕","8","6"
"匀","8","6"
"葬","8","7"
"噬","8","8"
"轩","8","6"
"隼","8","5"
"兌","8","7"
"剥","8","7"
"擾","8","8"
"颈","8","8"
"缝","8","8"
"渤","8","4"
"輿","8","8"
"撕","8","7"
"俩","8","8"
"檐","8","8"
"帽","8","5"
"彪","8","5"
"膠","8","4"
"錨","8","7"
"诱","8","8"
"壘","8","5"
"蔚","8","8"
"粹","8","8"
"輩","8","7"
"竊","8","6"
"粘","8","7"
"烙","8","8"
"劫","8","7"
"炉","8","8"
"锣","8","8"
"畢","8","8"
"兽","8","8"
"傾","8","8"
"辈","8","8"
"浴","8","7"
"晉","8","6"
"膜","8","7"
"拨","8","7"
"飄","8","8"
"煽","8","8"
"逸","8","8"
"馕","8","4"
"嘆","8","8"
"穹","8","7"
"掖","8","6"
"胆","8","8"
"閑","8","8"
"盜","8","5"
"潺","8","4"
"谐","8","8"
"浇","8","8"
"黏","8","7"
"壳","8","8"
"焊","8","5"
"諮","8","8"
"緻","8","8"
"裸","8","6"
"捲","8","8"
"寿","8","6"
"韋","8","8"
"镍","8","6"
"診","8","4"
"躲","8","8"
"詳","8","8"
"縫","8","7"
"彝","8","7"
"湛","8","7"
"瘦","8","7"
"貸","8","5"
"廊","8","8"
"佣","8","5"
"傍","8","8"
"辖","8","8"
"孤","8","7"
"鋰","8","7"
"琅","8","7"
"饲","8","5"
"侯","8","6"
"煉","8","8"
"陌","8","7"
"哀","8","8"
"轰","8","7"
"廢","8","7"
"悔","8","7"
"莉","8","8"
"狱","8","7"
"粿","8","6"
"碟","8","4"
"輯","8","8"
"衰","8","8"
"闆","8","6"
"凰","8","6"
"恭","8","8"
"甦","8","6"
"勛","8","7"
"瓊","8","5"
"仕","8","7"
"鞏","8","7"
"轟","8","7"
"痕","8","8"
"逝","8","6"
"妮","8","4"
"巍","8","8"
"芭","8","4"
"踢","8","6"
"爐","8","5"
"滴","8","7"
"鴨","8","4"
"皑","8","4"
"擂","8","3"
"廓","7","6"
"渊","7","6"
"绑","7","7"
"槽","7","7"
"佬","7","7"
"哨","7","7"
"傣","7","7"
"剁","7","4"
"鉴","7","7"
"葛","7","7"
"颖","7","5"
"饺","7","5"
"窮","7","7"
"椅","7","7"
"骼","7","4"
"赁","7","5"
"垒","7","7"
"婉","7","7"
"謊","7","5"
"豉","7","3"
"醋","7","6"
"硕","7","6"
"肇","7","5"
"辟","7","7"
"攏","7","6"
"頃","7","5"
"仑","7","6"
"羌","7","5"
"酣","7","7"
"廉","7","6"
"仗","7","6"
"纬","7","6"
"箔","7","4"
"弦","7","6"
"樟","7","5"
"函","7","5"
"澡","7","5"
"蔥","7","7"
"蓉","7","5"
"芳","7","7"
"鎧","7","4"
"懲","7","6"
"瘾","7","7"
"杏","7","4"
"郎","7","7"
"枣","7","6"
"疼","7","7"
"鹏","7","7"
"挽","7","7"
"诊","7","6"
"渦","7","5"
"蹤","7","6"
"籠","7","5"
"帅","7","7"
"摺","7","4"
"冶","7","6"
"轴","7","7"
"蘸","7","6"
"夾","7","6"
"蹦","7","5"
"峭","7","6"
"坎","7","5"
"茵","7","7"
"窥","7","5"
"峇","7","7"
"杉","7","5"
"帳","7","5"
"皖","7","6"
"罩","7","7"
"鎢","7","4"
"紗","7","5"
"幽","7","6"
"虛","7","7"
"犬","7","5"
"谧","7","7"
"坝","7","5"
"驯","7","4"
"黛","7","7"
"籃","7","7"
"掃","7","5"
"雛","7","4"
"乖","7","6"
"橙","7","5"
"藤","7","6"
"垫","7","7"
"苑","7","5"
"缭","7","7"
"薦","7","5"
"梗","7","5"
"墜","7","6"
"臥","7","6"
"樸","7","7"
"俏","7","7"
"譯","7","4"
"狐","7","5"
"撫","7","4"
"兜","7","6"
"勉","7","6"
"蹈","7","6"
"咨","7","7"
"耍","7","6"
"紋","7","7"
"鵑","7","2"
"躋","7","6"
"昭","7","6"
"柑","7","4"
"婿","7","5"
"棄","7","6"
"屿","7","6"
"俑","7","7"
"贫","7","5"
"軒","7","3"
"隍","7","2"
"塢","7","3"
"阪","7","4"
"戍","7","5"
"倖","7","2"
"绢","6","5"
"呀","6","6"
"鬚","6","3"
"喂","6","6"
"轄","6","5"
"攤","6","6"
"鎏","6","3"
"旱","6","4"
"彤","6","4"
"砸","6","6"
"筛","6","5"
"辅","6","5"
"侗","6","5"
"罰","6","5"
"焖","6","5"
"脖","6","4"
"輻","6","6"
"閱","6","6"
"慘","6","6"
"腥","6","5"
"鈴","6","5"
"卉","6","4"
"纠","6","6"
"巒","6","6"
"炳","6","6"
"涯","6","6"
"拦","6","6"
"爹","6","5"
"恨","6","6"
"辩","6","5"
"鄧","6","5"
"獄","6","6"
"尘","6","6"
"拙","6","5"
"柠","6","3"
"漪","6","5"
"鑑","6","5"
"纱","6","5"
"鵬","6","5"
"忌","6","5"
"腱","6","3"
"筷","6","6"
"葵","6","3"
"埠","6","5"
"磊","6","6"
"绣","6","6"
"嚇","6","6"
"呵","6","6"
"巔","6","6"
"暮","6","6"
"亨","6","5"
"衔","6","5"
"窃","6","5"
"渴","6","6"
"匆","6","4"
"撥","6","5"
"賺","6","6"
"骋","6","6"
"耙","6","2"
"泵","6","4"
"汛","6","4"
"颱","6","3"
"稍","6","6"
"氦","6","2"
"眶","6","6"
"畜","6","5"
"悍","6","6"
"獵","6","3"
"漿","6","6"
"恥","6","6"
"驟","6","6"
"鏑","6","5"
"烹","6","5"
"栋","6","6"
"繹","6","6"
"脏","6","5"
"饅","6","2"
"曬","6","4"
"飽","6","6"
"狭","6","6"
"誇","6","4"
"膝","6","4"
"翡","6","6"
"悅","6","6"
"堰","6","3"
"阜","6","6"
"蕩","6","5"
"贊","6","5"
"鱗","6","3"
"晖","6","6"
"贬","6","6"
"馴","6","2"
"嶄","6","6"
"眷","6","5"
"刹","6","5"
"沐","6","6"
"秉","6","6"
"晃","6","5"
"鶇","6","2"
"晾","6","5"
"竿","6","6"
"棍","6","6"
"獸","6","6"
"靡","6","5"
"娜","6","4"
"鴻","6","3"
"繡","6","6"
"凑","6","5"
"窝","6","4"
"鹦","6","2"
"饿","6","6"
"皚","6","3"
"隋","6","3"
"臟","6","5"
"肴","6","6"
"廖","6","5"
"湃","6","6"
"拢","6","6"
"尕","6","3"
"粑","6","1"
"濒","6","6"
"贪","6","6"
"灿","6","5"
"烦","6","6"
"丛","6","5"
"霜","6","6"
"轅","6","2"
"坠","6","5"
"咪","6","6"
"犧","6","6"
"赵","6","6"
"斋","6","4"
"攬","6","6"
"闔","6","6"
"尹","6","3"
"醬","6","1"
"笙","6","3"
"筏","5","4"
"惧","5","5"
"焕","5","5"
"爰","5","1"
"伽","5","3"
"凶","5","4"
"掷","5","5"
"礴","5","5"
"頁","5","3"
"脾","5","3"
"笨","5","5"
"馏","5","4"
"甩","5","5"
"筒","5","4"
"裤","5","5"
"敛","5","5"
"禽","5","4"
"贛","5","5"
"帘","5","5"
"柜","5","5"
"噪","5","5"
"剎","5","5"
"絨","5","4"
"铸","5","4"
"顷","5","5"
"鑲","5","5"
"愉","5","5"
"攪","5","5"
"莹","5","5"
"沂","5","3"
"侃","5","5"
"魄","5","5"
"輔","5","4"
"翰","5","5"
"颇","5","5"
"衬","5","5"
"骄","5","5"
"飼","5","5"
"贤","5","5"
"軸","5","4"
"螢","5","3"
"毯","5","5"
"鉅","5","5"
"嗨","5","4"
"傘","5","2"
"溶","5","5"
"銘","5","5"
"黯","5","5"
"馋","5","5"
"弘","5","5"
"浆","5","5"
"肝","5","5"
"鳌","5","4"
"沸","5","5"
"硫","5","4"
"酬","5","5"
"矚","5","5"
"斬","5","4"
"淳","5","4"
"纵","5","5"
"鹊","5","5"
"藩","5","4"
"膩","5","5"
"菠","5","5"
"胖","5","4"
"蚌","5","4"
"牯","5","3"
"嚼","5","5"
"旷","5","5"
"孢","5","3"
"絮","5","4"
"骥","5","5"
"陡","5","5"
"償","5","4"
"趙","5","5"
"裙","5","5"
"褪","5","5"
"崎","5","5"
"瀚","5","5"
"扁","5","4"
"燥","5","5"
"釜","5","5"
"澆","5","4"
"抚","5","5"
"浏","5","5"
"渣","5","4"
"岑","5","3"
"孕","5","5"
"溉","5","4"
"厕","5","4"
"沦","5","5"
"顛","5","5"
"犹","5","5"
"闯","5","5"
"桁","5","4"
"彎","5","5"
"铲","5","4"
"籽","5","4"
"夯","5","5"
"霁","5","4"
"撿","5","5"
"叼","5","5"
"诀","5","5"
"巾","5","4"
"叻","5","5"
"嘛","5","5"
"锐","5","5"
"厄","5","4"
"愧","5","5"
"楊","5","5"
"槳","5","3"
"莽","5","3"
"轎","5","4"
"岳","5","4"
"俘","5","5"
"鈣","5","3"
"畏","5","4"
"曹","5","4"
"鸛","5","1"
"縷","5","4"
"肆","5","5"
"嬌","5","4"
"謬","5","5"
"欺","5","4"
"暈","5","3"
"姥","5","3"
"憾","5","5"
"傭","5","3"
"濤","5","5"
"媛","5","3"
"搁","5","5"
"厢","5","4"
"貧","5","5"
"蜀","5","3"
"丑","5","5"
"铝","5","4"
"韬","5","4"
"媚","5","5"
"唤","5","5"
"穀","5","4"
"餅","5","5"
"唇","5","3"
"竭","5","5"
"蔽","5","5"
"妄","5","5"
"佐","5","5"
"睦","5","4"
"耿","5","4"
"跹","5","5"
"劑","5","5"
"丟","5","5"
"铭","5","4"
"谍","5","4"
"狸","5","3"
"谒","5","5"
"鷹","5","3"
"啤","5","4"
"淩","5","3"
"剝","5","3"
"娛","5","3"
"谜","5","5"
"铢","5","4"
"諸","5","5"
"鳜","5","1"
"囑","5","5"
"吒","5","4"
"践","5","5"
"琢","5","5"
"殼","5","5"
"钓","5","3"
"帥","5","5"
"刨","5","3"
"鑄","5","1"
"谦","4","4"
"惬","4","4"
"焯","4","4"
"郢","4","1"
"窖","4","2"
"瘋","4","4"
"诸","4","4"
"葫","4","4"
"疇","4","3"
"稟","4","4"
"垦","4","4"
"噩","4","3"
"怨","4","4"
"甬","4","2"
"瘫","4","4"
"薰","4","3"
"痴","4","4"
"芮","4","4"
"艱","4","4"
"餾","4","2"
"纜","4","2"
"撰","4","4"
"碉","4","1"
"涅","4","4"
"墟","4","4"
"罹","4","4"
"莞","4","4"
"墾","4","3"
"蛻","4","4"
"膚","4","4"
"祠","4","4"
"洼","4","3"
"缚","4","4"
"箬","4","2"
"撬","4","4"
"垣","4","4"
"熙","4","2"
"嵐","4","2"
"凳","4","3"
"驕","4","3"
"惟","4","4"
"颁","4","4"
"羞","4","4"
"澗","4","3"
"镶","4","4"
"缠","4","4"
"蘑","4","4"
"雌","4","4"
"咽","4","4"
"頒","4","4"
"孵","4","3"
"盞","4","3"
"寥","4","2"
"屯","4","4"
"檬","4","2"
"渺","4","4"
"缕","4","4"
"潇","4","4"
"匙","4","4"
"鲮","4","2"
"滔","4","3"
"烩","4","4"
"蒋","4","4"
"羹","4","3"
"祛","4","3"
"孝","4","4"
"澱","4","4"
"笋","4","3"
"橄","4","4"
"榄","4","4"
"粥","4","3"
"羡","4","4"
"楞","4","3"
"惫","4","4"
"汹","4","3"
"聂","4","2"
"槛","4","3"
"髓","4","3"
"跪","4","4"
"馒","4","2"
"臭","4","3"
"叽","4","2"
"擠","4","4"
"榆","4","3"
"骐","4","4"
"戮","4","3"
"旖","4","4"
"旎","4","4"
"氤","4","4"
"妖","4","4"
"茸","4","2"
"禦","4","4"
"氟","4","3"
"慨","4","4"
"忻","4","1"
"袤","4","4"
"繳","4","4"
"淆","4","4"
"浚","4","2"
"桩","4","4"
"溜","4","2"
"儒","4","3"
"驛","4","3"
"缴","4","4"
"锚","4","4"
"渭","4","3"
"罔","4","3"
"绊","4","4"
"坍","4","3"
"磚","4","3"
"奴","4","2"
"辜","4","4"
"岡","4","3"
"洩","4","4"
"挠","4","4"
"懈","4","4"
"邃","4","4"
"茉","4","4"
"雉","4","3"
"岐","4","3"
"穴","4","3"
"蝉","4","4"
"汰","4","4"
"舵","4","4"
"憨","4","4"
"殷","4","3"
"廬","4","2"
"窯","4","3"
"恆","4","4"
"羁","4","4"
"埂","4","3"
"餛","4","2"
"飩","4","2"
"楓","4","3"
"侄","4","3"
"飒","4","4"
"丧","4","4"
"傻","4","4"
"禾","4","3"
"婺","4","3"
"蔣","4","3"
"濫","4","3"
"顏","4","4"
"鮑","4","4"
"餵","4","4"
"睞","4","4"
"洄","4","3"
"鲤","4","4"
"濰","4","3"
"銜","4","4"
"鈞","4","4"
"薛","4","4"
"秭","4","2"
"镓","4","3"
"氮","4","4"
"槿","4","1"
"鏗","4","4"
"鏘","4","4"
"竺","4","2"
"戚","4","4"
"駒","4","3"
"辨","4","4"
"謹","4","4"
"挣","4","4"
"擰","4","3"
"枸","4","4"
"杞","4","4"
"瑶","4","3"
"梧","4","3"
"樅","4","3"
"瀋","4","3"
"嘯","4","2"
"揣","4","4"
"鯉","4","4"
"豔","4","4"
"沓","4","4"
"牦","4","3"
"鬱","4","4"
"媲","4","4"
"蔭","4","4"
"淺","4","3"
"舔","4","4"
"萤","4","2"
"鹉","4","1"
"渾","4","4"
"蛾","4","3"
"苛","4","4"
"徜","4","4"
"徉","4","4"
"齒","4","4"
"镑","4","3"
"枇","4","1"
"杷","4","1"
"拇","4","3"
"毙","4","4"
"扔","4","4"
"膳","4","4"
"饶","4","4"
"阙","4","4"
"颯","4","4"
"壑","4","4"
"揽","4","4"
"晗","4","4"
"湄","4","2"
"犁","4","4"
"谭","4","4"
"刃","4","4"
"淇","4","4"
"躺","4","4"
"矩","4","3"
"叮","4","4"
"謁","4","3"
"囊","4","4"
"鋱","4","4"
"蚀","4","4"
"扼","4","4"
"馄","4","2"
"饨","4","2"
"蜘","4","3"
"蛛","4","3"
"矯","4","2"
"聰","4","4"
"辕","4","2"
"汐","4","3"
"茴","4","1"
"蛳","4","1"
"熏","4","2"
"孜","4","3"
"芥","4","3"
"仇","4","4"
"昴","4","1"
"袄","4","4"
"莺","4","4"
"衢","4","2"
"螂","4","2"
"叢","4","4"
"闡","4","4"
"吓","4","4"
"馮","4","2"
"詠","4","4"
"睹","4","4"
"廿","4","4"
"诠","4","4"
"鋸","4","3"
"猩","4","1"
"幡","4","1"
"鮪","4","2"
"甯","4","2"
"裴","4","3"
"氪","4","2"
"聶","4","2"
"凿","3","2"
"妆","3","2"
"驢","3","3"
"茬","3","3"
"頗","3","3"
"盔","3","3"
"皱","3","3"
"萎","3","3"
"抨","3","3"
"咯","3","3"
"囧","3","3"
"葦","3","3"
"鹬","3","3"
"僚","3","3"
"涝","3","3"
"萦","3","3"
"晕","3","3"
"揉","3","3"
"厭","3","3"
"黔","3","3"
"轿","3","3"
"揪","3","3"
"懒","3","3"
"嚮","3","3"
"遜","3","3"
"蛮","3","3"
"萍","3","2"
"哗","3","3"
"寂","3","3"
"吭","3","2"
"罵","3","3"
"砥","3","3"
"棧","3","3"
"迂","3","3"
"謐","3","3"
"峙","3","3"
"藻","3","2"
"呂","3","2"
"瑙","3","3"
"袁","3","3"
"芜","3","3"
"襟","3","2"
"鰻","3","1"
"痪","3","3"
"淬","3","3"
"喽","3","3"
"嘘","3","3"
"藕","3","3"
"稠","3","3"
"戛","3","3"
"櫃","3","3"
"擘","3","3"
"鸚","3","2"
"鵡","3","2"
"讶","3","3"
"畴","3","3"
"闢","3","3"
"賠","3","3"
"瑋","3","2"
"龐","3","3"
"昇","3","3"
"塵","3","3"
"妝","3","2"
"滦","3","3"
"欄","3","3"
"愤","3","3"
"鴿","3","3"
"黟","3","3"
"烯","3","1"
"岌","3","2"
"訟","3","2"
"磕","3","2"
"頑","3","2"
"婁","3","3"
"撈","3","2"
"岱","3","2"
"焚","3","3"
"钵","3","3"
"拐","3","3"
"钾","3","2"
"锂","3","3"
"肋","3","2"
"邪","3","3"
"鑰","3","2"
"嬰","3","2"
"恪","3","3"
"煞","3","3"
"棟","3","2"
"谎","3","3"
"怼","3","3"
"悼","3","3"
"沛","3","3"
"镀","3","3"
"喘","3","3"
"灼","3","2"
"捡","3","3"
"腩","3","3"
"暄","3","3"
"滤","3","3"
"尬","3","3"
"鹼","3","3"
"餓","3","3"
"勘","3","3"
"敕","3","1"
"淪","3","3"
"矮","3","3"
"妃","3","3"
"憩","3","3"
"氲","3","3"
"玄","3","3"
"螯","3","3"
"衊","3","3"
"婴","3","3"
"嘟","3","2"
"褶","3","3"
"歎","3","3"
"扯","3","3"
"湟","3","1"
"蘢","3","3"
"冽","3","3"
"蟲","3","3"
"恋","3","3"
"匿","3","3"
"滥","3","3"
"蛤","3","2"
"鹌","3","2"
"鹑","3","2"
"誦","3","2"
"溃","3","3"
"滘","3","2"
"仞","3","2"
"欒","3","2"
"谅","3","3"
"昼","3","2"
"芊","3","2"
"喧","3","3"
"楫","3","2"
"淵","3","3"
"纲","3","3"
"挨","3","3"
"蚂","3","3"
"蚁","3","3"
"愜","3","3"
"陜","3","2"
"鹳","3","3"
"尸","3","3"
"棗","3","3"
"攒","3","3"
"跤","3","3"
"鞠","3","2"
"雏","3","3"
"倚","3","3"
"喬","3","3"
"啸","3","3"
"鸥","3","2"
"泗","3","2"
"忱","3","3"
"摒","3","3"
"廂","3","3"
"涿","3","1"
"锈","3","2"
"膽","3","3"
"餃","3","2"
"揀","3","3"
"奸","3","3"
"庸","3","3"
"邙","3","2"
"兗","3","1"
"袂","3","3"
"嗑","3","3"
"涑","3","1"
"疹","3","1"
"咳","3","2"
"鑒","3","3"
"慣","3","3"
"漓","3","3"
"葚","3","1"
"掬","3","3"
"珀","3","3"
"斧","3","2"
"弛","3","3"
"驿","3","3"
"芍","3","1"
"嫣","3","3"
"椿","3","2"
"哦","3","3"
"篷","3","3"
"遒","3","3"
"枯","3","3"
"丫","3","2"
"咕","3","3"
"郯","3","1"
"恼","3","3"
"獼","3","1"
"眨","3","3"
"蛰","3","3"
"渗","3","3"
"耘","3","3"
"徕","3","3"
"禧","3","3"
"擀","3","2"
"羲","3","1"
"灑","3","3"
"綁","3","3"
"酉","3","2"
"龔","3","2"
"潍","3","1"
"饒","3","3"
"嘱","3","3"
"匪","3","2"
"雇","3","3"
"昜","3","1"
"惑","3","3"
"嫂","3","3"
"孚","3","3"
"輥","3","1"
"溼","3","2"
"嵊","3","2"
"昱","3","2"
"戀","3","3"
"嘮","3","2"
"馐","3","3"
"惹","3","3"
"錚","3","2"
"燦","3","3"
"煦","3","3"
"錠","3","1"
"爵","3","3"
"脷","3","1"
"蹺","3","2"
"淼","3","3"
"牺","3","3"
"婷","3","2"
"爲","3","3"
"硝","3","3"
"譚","3","3"
"塗","3","2"
"兇","3","3"
"摯","3","3"
"霏","3","2"
"幌","3","2"
"徠","3","1"
"蠢","3","2"
"钞","3","3"
"溅","3","3"
"祿","3","3"
"燙","3","3"
"嘿","3","2"
"攢","3","3"
"卑","3","3"
"痘","3","2"
"泓","3","3"
"缣","3","3"
"紊","3","3"
"賭","3","3"
"彬","3","2"
"炕","3","3"
"謠","3","2"
"辫","3","1"
"懼","3","2"
"拘","3","2"
"臻","3","3"
"鎵","3","3"
"慵","3","3"
"廚","3","3"
"棱","3","2"
"蕊","3","2"
"箍","3","3"
"僧","3","2"
"眠","3","2"
"碚","2","2"
"翱","2","2"
"诋","2","2"
"骚","2","2"
"篡","2","2"
"芦","2","2"
"颓","2","2"
"鳽","2","2"
"镌","2","2"
"淤","2","2"
"瀕","2","2"
"闷","2","2"
"芡","2","2"
"栈","2","2"
"衫","2","2"
"睁","2","2"
"誘","2","2"
"駱","2","2"
"恬","2","2"
"縈","2","2"
"簇","2","2"
"珺","2","2"
"禪","2","2"
"劈","2","2"
"哧","2","1"
"赓","2","2"
"壹","2","2"
"晝","2","2"
"辐","2","1"
"垮","2","1"
"肤","2","2"
"瀉","2","2"
"梵","2","2"
"抉","2","2"
"倭","2","2"
"蔼","2","1"
"骂","2","2"
"攥","2","2"
"瞳","2","2"
"嘲","2","2"
"汾","2","2"
"跻","2","2"
"菩","2","2"
"汞","2","1"
"沾","2","2"
"鎣","2","1"
"弼","2","1"
"缂","2","1"
"诛","2","2"
"卵","2","2"
"蒲","2","2"
"諷","2","2"
"睢","2","1"
"漣","2","2"
"蚕","2","2"
"禍","2","2"
"褐","2","2"
"鼯","2","1"
"煸","2","2"
"胳","2","2"
"膊","2","2"
"捣","2","2"
"隙","2","2"
"羔","2","2"
"渲","2","2"
"斂","2","2"
"挚","2","2"
"偵","2","2"
"盅","2","2"
"慾","2","2"
"钙","2","2"
"肘","2","2"
"鳝","2","2"
"苔","2","1"
"畈","2","2"
"匝","2","1"
"帐","2","2"
"愣","2","2"
"霉","2","2"
"燿","2","1"
"荼","2","2"
"寡","2","2"
"钦","2","2"
"赐","2","2"
"褒","2","2"
"昊","2","2"
"兔","2","2"
"镳","2","2"
"躁","2","2"
"怯","2","2"
"淖","2","2"
"淞","2","2"
"拎","2","2"
"弓","2","1"
"稽","2","1"
"谬","2","2"
"篝","2","2"
"窘","2","2"
"譁","2","2"
"漯","2","1"
"钴","2","2"
"絆","2","2"
"漩","2","2"
"浊","2","2"
"鉀","2","1"
"鎂","2","1"
"韭","2","2"
"泾","2","1"
"琊","2","2"
"叛","2","2"
"阀","2","2"
"榕","2","2"
"盗","2","2"
"镁","2","1"
"澇","2","2"
"亟","2","2"
"虐","2","2"
"柿","2","2"
"扳","2","2"
"啼","2","2"
"衅","2","2"
"灶","2","2"
"汲","2","2"
"奕","2","2"
"銻","2","1"
"熄","2","2"
"罄","2","2"
"钮","2","2"
"紡","2","2"
"掙","2","2"
"唁","2","2"
"汶","2","2"
"岂","2","2"
"枕","2","2"
"繃","2","2"
"捶","2","2"
"扒","2","2"
"尴","2","2"
"螃","2","2"
"販","2","2"
"颐","2","2"
"堤","2","2"
"欖","2","2"
"叩","2","2"
"鱈","2","1"
"椎","2","2"
"嘹","2","2"
"礪","2","2"
"汪","2","2"
"嫻","2","2"
"涪","2","1"
"潟","2","2"
"珊","2","2"
"啃","2","2"
"阱","2","2"
"潼","2","2"
"鲲","2","2"
"潋","2","2"
"滟","2","2"
"隸","2","2"
"奐","2","2"
"犛","2","1"
"晟","2","1"
"夼","2","1"
"牒","2","2"
"窩","2","2"
"倣","2","2"
"瀘","2","1"
"迦","2","2"
"葩","2","2"
"澀","2","2"
"荇","2","1"
"趾","2","2"
"榨","2","2"
"蹲","2","2"
"跷","2","1"
"撲","2","2"
"喪","2","2"
"膀","2","2"
"堯","2","2"
"姻","2","2"
"辱","2","2"
"吶","2","2"
"拷","2","2"
"瓮","2","1"
"窒","2","2"
"匱","2","2"
"钛","2","2"
"嗅","2","2"
"濞","2","1"
"蹴","2","1"
"僱","2","2"
"樑","2","2"
"膘","2","2"
"藺","2","1"
"曙","2","2"
"岷","2","2"
"嫲","2","2"
"魁","2","2"
"囪","2","2"
"闕","2","2"
"餌","2","2"
"奄","2","2"
"逗","2","1"
"蜻","2","2"
"蜓","2","2"
"饋","2","2"
"猖","2","2"
"獗","2","2"
"鸦","2","1"
"裳","2","2"
"苞","2","2"
"矛","2","2"
"滎","2","1"
"诏","2","2"
"桎","2","2"
"梏","2","2"
"鐫","2","2"
"爪","2","2"
"谄","2","2"
"禅","2","2"
"虏","2","2"
"韜","2","1"
"靚","2","2"
"诵","2","2"
"窑","2","1"
"吵","2","2"
"喻","2","2"
"颦","2","2"
"蠟","2","1"
"燭","2","1"
"绰","2","2"
"唠","2","2"
"屁","2","2"
"铃","2","2"
"顽","2","2"
"趴","2","2"
"偃","2","2"
"牠","2","1"
"擋","2","2"
"饵","2","1"
"兀","2","2"
"嗽","2","2"
"迸","2","2"
"窍","2","2"
"侮","2","2"
"醺","2","2"
"薏","2","2"
"侦","2","2"
"綱","2","2"
"湊","2","2"
"憧","2","2"
"憬","2","2"
"締","2","2"
"芙","2","2"
"呕","2","2"
"谆","2","1"
"豎","2","2"
"榻","2","2"
"磐","2","2"
"麂","2","1"
"饪","2","2"
"驹","2","2"
"馭","2","2"
"陇","2","1"
"厌","2","2"
"袅","2","1"
"錶","2","2"
"佤","2","2"
"敷","2","2"
"剿","2","2"
"厝","2","2"
"坟","2","2"
"鈦","2","1"
"狹","2","2"
"辙","2","2"
"鋅","2","1"
"霾","2","2"
"毽","2","1"
"聹","2","1"
"瞅","2","1"
"肺","2","2"
"哺","2","2"
"拽","2","2"
"筝","2","2"
"屢","2","2"
"哽","2","2"
"鼬","2","2"
"饥","2","2"
"楹","2","1"
"缥","2","2"
"缈","2","2"
"頤","2","2"
"戎","2","2"
"晦","2","2"
"帜","2","2"
"萃","2","2"
"锺","2","2"
"鸬","2","2"
"鹚","2","2"
"荆","2","2"
"悖","2","2"
"冢","2","1"
"躬","2","2"
"忒","2","2"
"檳","2","1"
"寝","2","2"
"甫","2","2"
"棠","2","2"
"懿","2","2"
"穎","2","1"
"欽","2","1"
"鳞","2","1"
"霄","2","2"
"翾","2","1"
"癱","2","2"
"篩","2","2"
"樁","2","2"
"籤","2","2"
"檻","2","2"
"厉","2","2"
"驴","2","1"
"懵","2","2"
"姊","2","1"
"搗","2","1"
"睫","2","2"
"攸","2","2"
"錘","2","2"
"誹","2","1"
"謗","2","1"
"朔","2","2"
"鄯","2","1"
"荊","2","1"
"禱","2","2"
"泌","2","2"
"汀","2","1"
"吟","2","2"
"渚","2","2"
"蛙","2","2"
"匕","2","1"
"臚","2","1"
"篓","2","2"
"霓","2","2"
"琐","2","2"
"忄","2","2"
"亻","2","2"
"雋","2","1"
"酝","2","2"
"瀞","2","1"
"匮","2","2"
"恫","2","2"
"煨","2","2"
"瀰","2","2"
"狩","2","1"
"宕","2","2"
"餡","2","2"
"釹","2","2"
"竄","2","1"
"坤","2","2"
"詹","2","2"
"蟑","2","1"
"囚","2","2"
"啫","2","1"
"镬","2","2"
"觑","2","2"
"閔","2","1"
"弋","2","2"
"蹬","2","2"
"睽","2","1"
"儉","2","2"
"烽","2","2"
"痒","2","1"
"栗","2","2"
"眸","2","2"
"昧","2","2"
"魑","2","1"
"魍","2","1"
"魉","2","1"
"瀾","2","2"
"呦","2","1"
"莆","2","2"
"簾","2","1"
"踮","2","1"
"矗","2","2"
"螳","2","1"
"泻","2","2"
"莪","2","2"
"铿","2","2"
"锵","2","2"
"澎","2","2"
"枭","2","2"
"呱","2","1"
"騏","2","2"
"屑","2","1"
"札","2","1"
"襄","2","2"
"樊","2","1"
"迢","2","1"
"岘","2","1"
"偕","2","2"
"噹","2","1"
"靶","2","2"
"玲","2","2"
"韁","2","2"
"嘞","2","1"
"菘","2","1"
"篤","2","2"
"暇","2","2"
"仄","2","2"
"眺","2","2"
"襖","2","2"
"拭","2","2"
"嚐","2","2"
"腸","2","2"
"栓","2","1"
"鬃","2","2"
"瞞","2","2"
"喚","2","2"
"綦","2","1"
"紳","2","1"
"吆","2","2"
"珅","2","2"
"凜","2","2"
"畿","2","1"
"鰤","2","2"
"鬣","2","2"
"佑","2","1"
"肿","2","2"
"屡","2","2"
"拯","2","2"
"榭","2","1"
"蕭","2","1"
"倆","2","2"
"鳄","2","1"
"偽","2","2"
"疚","2","2"
"梢","2","2"
"猝","2","2"
"攘","2","1"
"咎","2","2"
"俭","2","2"
"懶","2","2"
"忡","2","1"
"啄","2","2"
"瞧","2","1"
"鈔","2","1"
"妪","2","1"
"琥","2","2"
"薅","2","1"
"鉑","2","1"
"裊","2","1"
"锤","1","1"
"钎","1","1"
"瞎","1","1"
"罡","1","1"
"皺","1","1"
"祇","1","1"
"盱","1","1"
"眙","1","1"
"矣","1","1"
"辄","1","1"
"阈","1","1"
"鶚","1","1"
"尧","1","1"
"舜","1","1"
"葷","1","1"
"腫","1","1"
"瘤","1","1"
"钉","1","1"
"煩","1","1"
"譟","1","1"
"绯","1","1"
"獠","1","1"
"烛","1","1"
"瘪","1","1"
"恳","1","1"
"狙","1","1"
"皋","1","1"
"鳃","1","1"
"寞","1","1"
"槃","1","1"
"砺","1","1"
"蹭","1","1"
"燧","1","1"
"韮","1","1"
"坂","1","1"
"寇","1","1"
"繕","1","1"
"邱","1","1"
"亓","1","1"
"瞿","1","1"
"昙","1","1"
"喇","1","1"
"宦","1","1"
"谶","1","1"
"涕","1","1"
"貳","1","1"
"鹃","1","1"
"抠","1","1"
"咂","1","1"
"犟","1","1"
"髒","1","1"
"溽","1","1"
"弊","1","1"
"円","1","1"
"唔","1","1"
"嘅","1","1"
"寮","1","1"
"芹","1","1"
"焗","1","1"
"芷","1","1"
"紓","1","1"
"颂","1","1"
"蛎","1","1"
"臊","1","1"
"諜","1","1"
"戸","1","1"
"秤","1","1"
"鸽","1","1"
"吱","1","1"
"猗","1","1"
"漱","1","1"
"蚊","1","1"
"簷","1","1"
"钥","1","1"
"圜","1","1"
"颅","1","1"
"泞","1","1"
"稚","1","1"
"胚","1","1"
"袢","1","1"
"蹊","1","1"
"氳","1","1"
"剽","1","1"
"牟","1","1"
"遨","1","1"
"斓","1","1"
"钽","1","1"
"钼","1","1"
"艏","1","1"
"铵","1","1"
"嫉","1","1"
"庐","1","1"
"濁","1","1"
"郡","1","1"
"挹","1","1"
"嶼","1","1"
"哎","1","1"
"蒐","1","1"
"惰","1","1"
"撸","1","1"
"鈉","1","1"
"轧","1","1"
"讬","1","1"
"挟","1","1"
"涓","1","1"
"榀","1","1"
"癮","1","1"
"耻","1","1"
"掳","1","1"
"禀","1","1"
"矶","1","1"
"钠","1","1"
"邢","1","1"
"诽","1","1"
"谤","1","1"
"潸","1","1"
"譬","1","1"
"贲","1","1"
"吋","1","1"
"糰","1","1"
"鱖","1","1"
"鱔","1","1"
"溥","1","1"
"傀","1","1"
"儡","1","1"
"癫","1","1"
"厥","1","1"
"櫟","1","1"
"捻","1","1"
"灸","1","1"
"嗯","1","1"
"柩","1","1"
"恸","1","1"
"绞","1","1"
"楔","1","1"
"桦","1","1"
"舫","1","1"
"繽","1","1"
"孳","1","1"
"侖","1","1"
"謙","1","1"
"鰭","1","1"
"亘","1","1"
"滁","1","1"
"憤","1","1"
"躚","1","1"
"赎","1","1"
"擲","1","1"
"摹","1","1"
"嶂","1","1"
"櫓","1","1"
"瑚","1","1"
"鯨","1","1"
"娴","1","1"
"瀲","1","1"
"灧","1","1"
"镖","1","1"
"陂","1","1"
"櫛","1","1"
"捅","1","1"
"緝","1","1"
"阡","1","1"
"舢","1","1"
"璋","1","1"
"贱","1","1"
"弔","1","1"
"溺","1","1"
"鄖","1","1"
"笺","1","1"
"郴","1","1"
"幞","1","1"
"戗","1","1"
"慷","1","1"
"碱","1","1"
"阐","1","1"
"瀟","1","1"
"踴","1","1"
"濡","1","1"
"桨","1","1"
"驃","1","1"
"铀","1","1"
"蟆","1","1"
"舸","1","1"
"瑛","1","1"
"訝","1","1"
"郝","1","1"
"彥","1","1"
"磴","1","1"
"屍","1","1"
"窿","1","1"
"儺","1","1"
"瀝","1","1"
"飢","1","1"
"齑","1","1"
"帛","1","1"
"阉","1","1"
"溆","1","1"
"勸","1","1"
"砍","1","1"
"瑜","1","1"
"擷","1","1"
"牍","1","1"
"幟","1","1"
"惦","1","1"
"驮","1","1"
"淹","1","1"
"臼","1","1"
"桅","1","1"
"聳","1","1"
"沥","1","1"
"鑿","1","1"
"垛","1","1"
"羯","1","1"
"漕","1","1"
"綉","1","1"
"邑","1","1"
"錤","1","1"
"汜","1","1"
"穗","1","1"
"挝","1","1"
"閥","1","1"
"潰","1","1"
"蠶","1","1"
"揍","1","1"
"縹","1","1"
"緲","1","1"
"緋","1","1"
"碁","1","1"
"鎊","1","1"
"拮","1","1"
"曠","1","1"
"謎","1","1"
"滄","1","1"
"钗","1","1"
"赟","1","1"
"歪","1","1"
"綏","1","1"
"赭","1","1"
"诧","1","1"
"嗓","1","1"
"箩","1","1"
"筐","1","1"
"餚","1","1"
"蜗","1","1"
"滲","1","1"
"瀹","1","1"
"侶","1","1"
"哼","1","1"
"墘","1","1"
"惩","1","1"
"鲎","1","1"
"暹","1","1"
"讹","1","1"
"慚","1","1"
"鸳","1","1"
"鸯","1","1"
"蕃","1","1"
"缉","1","1"
"罂","1","1"
"粟","1","1"
"翎","1","1"
"鸾","1","1"
"觴","1","1"
"镕","1","1"
"嗦","1","1"
"霽","1","1"
"甥","1","1"
"懇","1","1"
"茧","1","1"
"巋","1","1"
"緞","1","1"
"岿","1","1"
"霭","1","1"
"玮","1","1"
"濠","1","1"
"沪","1","1"
"掰","1","1"
"荧","1","1"
"谚","1","1"
"鮭","1","1"
"鱒","1","1"
"獭","1","1"
"斟","1","1"
"鄩","1","1"
"忐","1","1"
"忑","1","1"
"侣","1","1"
"誨","1","1"
"夙","1","1"
"冉","1","1"
"襦","1","1"
"偎","1","1"
"憐","1","1"
"懾","1","1"
"倦","1","1"
"舀","1","1"
"厮","1","1"
"奂","1","1"
"靓","1","1"
"菏","1","1"
"哉","1","1"
"仆","1","1"
"虞","1","1"
"匈","1","1"
"疰","1","1"
"迥","1","1"
"蝼","1","1"
"蝈","1","1"
"蚯","1","1"
"蚓","1","1"
"鈷","1","1"
"鹵","1","1"
"楸","1","1"
"冯","1","1"
"吕","1","1"
"颍","1","1"
"吮","1","1"
"榔","1","1"
"荫","1","1"
"鍛","1","1"
"銮","1","1"
"瑾","1","1"
"薇","1","1"
"桓","1","1"
"捆","1","1"
"姬","1","1"
"霖","1","1"
"躯","1","1"
"蹂","1","1"
"躏","1","1"
"峒","1","1"
"糾","1","1"
"騨","1","1"
"坞","1","1"
"庇","1","1"
"筍","1","1"
"鴟","1","1"
"歹","1","1"
"熵","1","1"
"淦","1","1"
"裆","1","1"
"撵","1","1"
"曰","1","1"
"珞","1","1"
"璜","1","1"
"咫","1","1"
"婵","1","1"
"畸","1","1"
"枉","1","1"
"荟","1","1"
"枫","1","1"
"棺","1","1"
"挎","1","1"
"乍","1","1"
"寢","1","1"
"尉","1","1"
"韶","1","1"
"彷","1","1"
"彿","1","1"
"陀","1","1"
"馓","1","1"
"咧","1","1"
"毗","1","1"
"簋","1","1"
"踵","1","1"
"刮","1","1"
"簪","1","1"
"暉","1","1"
"溱","1","1"
"箏","1","1"
"祸","1","1"
"鸢","1","1"
"朽","1","1"
"崭","1","1"
"稣","1","1"
"汴","1","1"
"堑","1","1"
"瘓","1","1"
"涎","1","1"
"亢","1","1"
"誊","1","1"
"阑","1","1"
"鸊","1","1"
"鷉","1","1"
"鴞","1","1"
"唧","1","1"
"饕","1","1"
"喱","1","1"
"禎","1","1"
"凛","1","1"
"稜","1","1"
"町","1","1"
"褫","1","1"
"缸","1","1"
"蘿","1","1"
"瀨","1","1"
"姹","1","1"
"叒","1","1"
"浒","1","1"
"琦","1","1"
"娟","1","1"
"簸","1","1"
"箕","1","1"
"砲","1","1"
"捩","1","1"
"睜","1","1"
"芸","1","1"
"嫡","1","1"
"菁","1","1"
"靥","1","1"
"黿","1","1"
"蓓","1","1"
"陲","1","1"
"钰","1","1"
"沅","1","1"
"涇","1","1"
"詆","1","1"
"篾","1","1"
"蟾","1","1"
"鈮","1","1"
"敖","1","1"
"饢","1","1"
"讠","1","1"
"氵","1","1"
"攵","1","1"
"糸","1","1"
"诲","1","1"
"憊","1","1"
"坳","1","1"
"棘","1","1"
"哄","1","1"
"磷","1","1"
"増","1","1"
"邵","1","1"
"狍","1","1"
"鐠","1","1"
"骇","1","1"
"媳","1","1"
"枞","1","1"
"伎","1","1"
"鼋","1","1"
"吝","1","1"
"嚏","1","1"
"癢","1","1"
"涧","1","1"
"輒","1","1"
"岙","1","1"
"踱","1","1"
"悯","1","1"
"濛","1","1"
"茎","1","1"
"秆","1","1"
"黷","1","1"
"瘡","1","1"
"痍","1","1"
"烷","1","1"
"柵","1","1"
"栅","1","1"
"鳐","1","1"
"擄","1","1"
"頜","1","1"
"顱","1","1"
"攫","1","1"
"坼","1","1"
"齋","1","1"
"堀","1","1"
"绒","1","1"
"覬","1","1"
"覦","1","1"
"钧","1","1"
"愚","1","1"
"翃","1","1"
"撓","1","1"
"铂","1","1"
"靴","1","1"
"炙","1","1"
"鲈","1","1"
"妗","1","1"
"逞","1","1"
"繭","1","1"
"逍","1","1"
"仝","1","1"
"唰","1","1"
"禄","1","1"
"妊","1","1"
"娠","1","1"
"钅","1","1"
"扌","1","1"
"犭","1","1"
"痠","1","1"
"勐","1","1"
"蝕","1","1"
"蛟","1","1"
"綾","1","1"
"邯","1","1"
"郸","1","1"
"肽","1","1"
"璣","1","1"
"诩","1","1"
"娲","1","1"
"锥","1","1"
"奎","1","1"
"蟄","1","1"
"鏢","1","1"
"櫚","1","1"
"馁","1","1"
"綸","1","1"
"咀","1","1"
"瀏","1","1"
"甌","1","1"
"銃","1","1"
"厩","1","1"
"毆","1","1"
"涟","1","1"
"疙","1","1"
"瘩","1","1"
"阖","1","1"
"蹣","1","1"
"跚","1","1"
"唢","1","1"
"呐","1","1"
"齿","1","1"
"璞","1","1"
"驥","1","1"
"軀","1","1"
"轍","1","1"
"朦","1","1"
"胧","1","1"
"缤","1","1"
"啰","1","1"
"潦","1","1"
"濾","1","1"
"绥","1","1"
"鷗","1","1"
"羨","1","1"
"氹","1","1"
"鍾","1","1"
"漆","1","1"
"鈎","1","1"
"馱","1","1"
"矢","1","1"
"妍","1","1"
"怠","1","1"
"傌","1","1"
"赣","1","1"
"霆","1","1"
"鄙","1","1"
"腕","1","1"
"勠","1","1"
"妞","1","1"
"纂","1","1"
"鍊","1","1"
"缆","1","1"
"纺","1","1"
"骊","1","1"
"骁","1","1"
"驷","1","1"
"逕","1","1"
"壺","1","1"
"皿","1","1"
"睐","1","1"
"屹","1","1"
"淄","1","1"
"岚","1","1"
"踹","1","1"
"冗","1","1"
"獾","1","1"
"婭","1","1"
"燉","1","1"
"遆","1","1"
"倩","1","1"
"囗","1","1"
"蔗","1","1"
"饞","1","1"
"刈","1","1"
"帼","1","1"
"鯛","1","1"
"倪","1","1"
"娶","1","1"
"氆","1","1"
"氌","1","1"
"躊","1","1"
"躇","1","1"
"蜥","1","1"
"茁","1","1"
"賃","1","1"
"銖","1","1"
"麾","1","1"
"擢","1","1"
"砌","1","1"
"锌","1","1"
"肪","1","1"
"笠","1","1"
"侏","1","1"
"凹","1","1"
"咏","1","1"
"騷","1","1"
"烘","1","1"
"焙","1","1"
"俨","1","1"
"娇","1","1"
"遴","1","1"
"臃","1","1"
"慑","1","1"
"櫥","1","1"
"斐","1","1"
"炽","1","1"
"虬","1","1"
"亥","1","1"
"谙","1","1"
"岫","1","1"
"侥","1","1"
"鯤","1","1"
"剃","1","1"
"琵","1","1"
"琶","1","1"
"彗","1","1"
"焐","1","1"
"渥","1","1"
"噶","1","1"
"猞","1","1"
"猁","1","1"
"昀","1","1"
"澂","1","1"
"昕","1","1"
"锯","1","1"
"犢","1","1"
"铠","1","1"
"顫","1","1"
"薈","1","1"
"獒","1","1"
"橇","1","1"
"淶","1","1"
"鍬","1","1"
"癖","1","1"
"竖","1","1"
"罈","1","1"
"剷","1","1"
"幔","1","1"
"翘","1","1"
"遛","1","1"
"龟","1","1"
"墅","1","1"
"霹","1","1"
"雳","1","1"
"暘","1","1"
"焉","1","1"
"纏","1","1"
"泣","1","1"
"坯","1","1"
"衿","1","1"
"癲","1","1"
"癇","1","1"
"噤","1","1"
"幀","1","1"
"锹","1","1"
"殴","1","1"
"氯","1","1"
"氢","1","1"
"桢","1","1"
"羈","1","1"
"詡","1","1"
"刪","1","1"
"咒","1","1"
"屐","1","1"
"雍","1","1"
"鋌","1","1"
"觊","1","1"
"觎","1","1"
"掣","1","1"
"叵","1","1"
"曦","1","1"
"钯","1","1"
"橱","1","1"
"尷","1","1"
"矇","1","1"
"脯","1","1"
"禿","1","1"
"鷲","1","1"
"檯","1","1"
"旻","1","1"
"憓","1","1"
"炊","1","1"
